model,v,test,rise_10_90,t90,overshoot_pct,peak,final,max_roll_rate,min_value
3DOF,180.0,bank60,0.7,0.75,0.0,59.99973551071659,59.99973551071659,146.93877551020407,
6DOF,180.0,bank60,0.7,1.0,0.006600410289570036,60.00396024617374,60.00396024617374,77.14210837596724,
3DOF,180.0,bank135,0.7,0.75,0.0,134.9994048991124,134.9994048991124,330.6122448979592,
6DOF,180.0,bank135,1.65,2.05,0.018748279246127986,135.02531017698226,135.02531017698226,77.14210837596724,
3DOF,180.0,load5,0.6,0.65,0.0,4.999998148343997,4.999998148343997,,1.6666666666666667
6DOF,180.0,load5,,,0.0,4.373275710744523,4.180832958315997,,1.1072659373214586
3DOF,180.0,load8,,,0.0,6.35629134616129,4.733814102876955,,1.9146911463384995
6DOF,180.0,load8,,,0.0,4.363723066332076,4.159256683442695,,1.1072659373214586
3DOF,220.0,bank60,0.7,0.75,0.0,59.99973551071659,59.99973551071659,146.93877551020407,
6DOF,220.0,bank60,0.55,0.8,1.2341409835090245,60.74048459010542,60.74048459010542,106.65219663182114,
3DOF,220.0,bank135,0.7,0.75,0.0,134.9994048991124,134.9994048991124,330.6122448979592,
6DOF,220.0,bank135,0.9500000000000001,1.3,0.8144933841711,136.099566068631,135.74628408193203,136.538043158385,
3DOF,220.0,load5,0.6,0.65,0.0,4.999998148343997,4.999998148343997,,1.6666666666666667
6DOF,220.0,load5,0.8,0.9,0.0,4.941155502625231,4.883424776458318,,1.1692652901297942
3DOF,220.0,load8,0.6,0.65,0.0,7.999554864737373,6.673058159642303,,2.166666666666667
6DOF,220.0,load8,,,0.0,5.929001386189469,5.394172043817397,,1.1692652901297942
3DOF,260.0,bank60,0.7,0.75,0.0,59.99973551071659,59.99973551071659,146.93877551020407,
6DOF,260.0,bank60,0.49999999999999994,0.7,1.2514071029137819,60.75084426174827,60.68878829551705,128.34155624877994,
3DOF,260.0,bank135,0.7,0.75,0.0,134.9994048991124,134.9994048991124,330.6122448979592,
6DOF,260.0,bank135,0.75,1.05,0.8442109268850695,136.13968475129485,135.5709651623487,185.53140144692009,
3DOF,260.0,load5,0.6,0.65,0.0,4.999998148343997,4.999998148343997,,1.6666666666666667
6DOF,260.0,load5,0.4,0.5,1.6707551931823827,5.066830207727295,4.975404381413617,,1.247914535589152
3DOF,260.0,load8,0.6,0.65,0.0,7.999996759601995,7.999996759601995,,2.166666666666667
6DOF,260.0,load8,1.2,1.3,0.0,7.523141542727276,6.8402925432831045,,1.247914535589152
