cond,score,surv_time,viol_total,wez_time,score_heldout,d_star,d_star_090,d_star_095,d_star_099,fidelity_at_4,n_leaves,n_samples,family
RL-s0-b300-a1.00,0.72875,117.05562499999544,0.04000593480374728,0.33862499999999995,0.7375,3.0,1.0,3.0,17.0,0.9657879878027142,8.0,35287,RL
HYB-s0-b300-a0.75,0.7050000000000001,116.32599999999545,0.04087569888892113,0.3537499999999999,0.7075,6.0,1.0,6.0,17.0,0.9485651676243689,60.0,34471,Hybrid
HYB-s0-b200-a0.75,0.6975,113.04687499999565,0.04780985640472643,0.7504999999999993,0.7525,17.0,1.0,17.0,17.0,0.934617218998436,3168.0,33357,Hybrid
RL-s0-b200-a1.00,0.6950000000000001,115.73599999999553,0.03749123415743684,0.7159999999999995,0.7275,4.0,1.0,4.0,17.0,0.952853330877906,16.0,34253,RL
HYB-s0-b100-a0.75,0.6925,99.43462499999646,0.09328607277658049,1.681499999999998,0.805,17.0,4.0,17.0,17.0,0.9020401042642746,4238.0,30903,Hybrid
BT-v2,0.67125,101.60124999999621,0.10049144181910204,1.493624999999998,0.8425,4.0,2.0,4.0,17.0,0.9523549886447117,16.0,31978,BT
HYB-s0-b100-a0.50,0.6625,94.40149999999662,0.11563451023063352,1.340374999999998,0.7875,17.0,4.0,17.0,17.0,0.9084446090236644,4378.0,27302,Hybrid
HYB-s0-b0-a0.25,0.6575,101.8398749999962,0.10332516588051473,1.5021249999999982,0.83,5.0,2.0,5.0,17.0,0.9497840808309042,32.0,30881,Hybrid
HYB-s0-b100-a0.25,0.645,101.09074999999626,0.09841385559004719,1.5087499999999978,0.8325,17.0,3.0,17.0,17.0,0.9223386487017194,3238.0,30964,Hybrid
HYB-s0-b300-a0.25,0.63875,106.76099999999593,0.07186711130042198,1.1134999999999986,0.7475,5.0,2.0,5.0,17.0,0.9475766836102352,32.0,33372,Hybrid
RL-s0-b0-a1.00,0.6387499999999999,105.08612499999609,0.09556612407754006,1.4877499999999984,0.84,2.0,1.0,2.0,17.0,0.9749631399800442,4.0,31100,RL
HYB-s0-b0-a0.50,0.63625,105.26062499999605,0.0955079137082866,1.4869999999999979,0.8275,3.0,1.0,3.0,17.0,0.9677290751298626,8.0,30177,Hybrid
RL-s0-b100-a1.00,0.6325,97.24637499999656,0.12945023650889725,1.5942499999999982,0.815,8.0,3.0,8.0,17.0,0.9204671500785542,215.0,29091,RL
HYB-s0-b200-a0.50,0.625,106.24587499999596,0.06031257995035694,0.7947499999999992,0.7,11.0,4.0,11.0,17.0,0.9044512892323534,730.0,30794,Hybrid
HYB-s0-b300-a0.50,0.62125,108.63124999999582,0.05664501840426316,0.5098749999999996,0.6425,6.0,3.0,6.0,17.0,0.9360953472580681,63.0,32079,Hybrid
HYB-s0-b0-a0.75,0.62,104.54687499999609,0.09633652872139783,1.4192499999999983,0.8075,3.0,1.0,3.0,17.0,0.9669414511098692,8.0,30583,Hybrid
HYB-s0-b200-a0.25,0.61375,105.46562499999601,0.06815179241794327,0.9437499999999986,0.7175,5.0,3.0,5.0,17.0,0.9320590267024785,32.0,30946,Hybrid
BT-v3,0.32875,104.41774999999606,0.008046191442581535,0.33125,0.5,5.0,3.0,5.0,17.0,0.9402036139137073,28.0,31234,BT
BT-v1,0.24125000000000002,98.32937499999636,0.0046903643040209966,0.011375000000000001,0.2325,1.0,1.0,1.0,3.0,0.995244845451407,2.0,28033,BT
