cond,opponent,n_seeds,score,score_lo,score_hi,pure_winrate,draw_rate,wez_time,damage,surv_time,viol_deck,viol_over_g,viol_total
RL-s10-b250-a1.00,BT-v2,50,0.78,0.6475845041874633,0.872460840297856,0.868421052631579,0.24,1.8439999999999983,46.1,103.26249999999622,0.00731671396782757,0.04851373584177744,0.07239914500174416
RL-s19-b250-a1.00,BT-v2,50,0.775,0.64212657300466,0.8686322474719927,0.8481012658227848,0.21,0.496,12.4,117.64249999999545,0.0,0.026652550935561566,0.03073095481949017
RL-s19-b275-a1.00,BT-v2,50,0.765,0.6312713134076325,0.8609144590516874,0.8192771084337349,0.17,0.6095,15.2375,117.48849999999544,0.00013727121464226198,0.029034976189110075,0.03343231352503323
RL-s10-b200-a1.00,BT-v2,50,0.75,0.6151339165427337,0.849192283890587,0.8472222222222222,0.28,0.9159999999999999,22.9,110.61949999999581,0.0,0.034869977919063516,0.039868296580085755
RL-s12-b175-a1.00,BT-v2,50,0.735,0.5991625353626994,0.837304093044622,0.821917808219178,0.27,1.084999999999999,27.125,113.92199999999565,0.0,0.03171400506133887,0.0480883636629623
RL-s9-b175-a1.00,BT-v2,50,0.735,0.5991625353626994,0.837304093044622,0.8133333333333334,0.25,1.3979999999999984,34.95,107.62849999999597,0.03196234107311814,0.041351511353370105,0.0929427621507977
RL-s10-b300-a1.00,BT-v2,50,0.73,0.5938741460882104,0.8333059583104446,0.7738095238095238,0.16,1.330999999999999,33.275,102.98649999999623,0.02882241136704218,0.0764120775412278,0.11981918310140008
RL-s12-b250-a1.00,BT-v2,50,0.73,0.5938741460882104,0.8333059583104446,0.8108108108108109,0.26,1.7419999999999984,43.55,107.406499999996,0.040447818934463066,0.048879905775195,0.11769841502332593
RL-s13-b275-a1.00,BT-v2,50,0.73,0.5938741460882104,0.8333059583104446,0.8108108108108109,0.26,0.704,17.6,118.0834999999954,0.020287021630615635,0.036318056239079854,0.0633937633938219
RL-s13-b225-a1.00,BT-v2,50,0.725,0.5886029780472277,0.8292906023427609,0.8260869565217391,0.31,0.6105,15.2625,115.85099999999552,0.0,0.041123005542490224,0.05140148647928228
RL-s10-b225-a1.00,BT-v2,50,0.72,0.5833487630404344,0.8252582933408877,0.7894736842105263,0.24,0.9584999999999999,23.9625,116.88099999999548,0.0010149750415973371,0.02694483649646432,0.03303314390681477
RL-s11-b300-a1.00,BT-v2,50,0.72,0.5833487630404344,0.8252582933408877,0.8235294117647058,0.32,0.37949999999999984,9.4875,115.15899999999556,0.018367320912514227,0.03864165719732147,0.06337857186225077
RL-s12-b150-a1.00,BT-v2,50,0.715,0.578111245429785,0.8212092869428708,0.8028169014084507,0.29,0.8649999999999993,21.625,113.73849999999564,0.0,0.03451338455564236,0.04771601423256135
RL-s13-b250-a1.00,BT-v2,50,0.715,0.578111245429785,0.8212092869428708,0.7945205479452054,0.27,0.6405,16.0125,112.91199999999566,0.0,0.04638840214536616,0.05827258461956694
RL-s14-b250-a1.00,BT-v2,50,0.715,0.578111245429785,0.8212092869428708,0.7866666666666666,0.25,0.575,14.375,116.63649999999548,0.0026871880199667198,0.03154180482813125,0.04640272553672465
RL-s15-b300-a1.00,BT-v2,50,0.715,0.578111245429785,0.8212092869428708,0.7721518987341772,0.21,0.4974999999999998,12.4375,113.46399999999568,0.0,0.034247380474067696,0.04565415731196218
RL-s9-b275-a1.00,BT-v2,50,0.715,0.578111245429785,0.8212092869428708,0.7792207792207793,0.23,0.5964999999999998,14.9125,112.20749999999572,0.0,0.03327638771133414,0.037105252460723104
RL-s11-b100-a1.00,BT-v2,50,0.71,0.5728901814719899,0.8171438268919994,0.828125,0.36,0.3919999999999999,9.8,117.52149999999543,0.003202995008319467,0.028243977141709106,0.03859368890157058
RL-s12-b125-a1.00,BT-v2,50,0.705,0.5676853387010256,0.8130621456542974,0.8059701492537313,0.33,0.9679999999999995,24.2,115.38449999999557,0.0015973377703826942,0.03515703706876936,0.052855396960438616
RL-s12-b225-a1.00,BT-v2,50,0.705,0.5676853387010256,0.8130621456542974,0.8253968253968254,0.37,1.4289999999999987,35.725,110.25899999999584,0.036168635554875955,0.04197931114987487,0.09716406638731573
RL-s18-b250-a1.00,BT-v2,50,0.705,0.5676853387010256,0.8130621456542974,0.7662337662337663,0.23,0.4434999999999999,11.0875,114.04899999999562,0.0,0.042323553779869974,0.047745639369998975
RL-s9-b100-a1.00,BT-v2,50,0.705,0.5676853387010256,0.8130621456542974,0.7733333333333333,0.25,0.9144999999999994,22.8625,113.82199999999564,0.14154135173963922,0.038683188397788414,0.20814218008291271
RL-s14-b275-a1.00,BT-v2,50,0.7,0.562496495355466,0.8089644649911906,0.8571428571428571,0.44,0.8369999999999996,20.925,109.18149999999586,0.05170726300781732,0.04003719643008957,0.10796057713171335
RL-s9-b300-a1.00,BT-v2,50,0.7,0.562496495355466,0.8089644649911906,0.7857142857142857,0.3,0.5119999999999998,12.8,114.34099999999562,0.0,0.0335403872934621,0.038208964543285324
RL-s13-b175-a1.00,BT-v2,50,0.695,0.557323439846859,0.8048509964911311,0.782608695652174,0.31,0.49149999999999994,12.2875,114.28549999999561,0.0,0.03643645543223295,0.04169208260325928
RL-s9-b250-a1.00,BT-v2,50,0.695,0.557323439846859,0.8048509964911311,0.7671232876712328,0.27,0.5679999999999997,14.2,113.49549999999566,0.0,0.03608837996118718,0.045579253392788094
RL-s19-b300-a1.00,BT-v2,50,0.69,0.5521659702657463,0.8007219420635773,0.7375,0.2,0.5535,13.8375,118.23399999999539,0.016719609603884068,0.029664899934063484,0.05029358112329254
RL-s17-b150-a1.00,BT-v2,50,0.685,0.5470238939222649,0.7965774943983924,0.7936507936507936,0.37,0.6314999999999995,15.7875,112.8279999999957,0.0,0.032507998119276266,0.04612555399161394
RL-s8-b275-a1.00,BT-v2,50,0.685,0.5470238939222649,0.7965774943983924,0.7846153846153846,0.35,0.335,8.375,117.52249999999545,0.0,0.03196000883857528,0.03581529085363266
RL-s13-b125-a1.00,BT-v2,50,0.68,0.5418970269185592,0.7924178373934317,0.78125,0.36,0.4734999999999999,11.8375,118.05199999999542,0.0,0.032551043338362534,0.04199301266453591
RL-s13-b300-a1.00,BT-v2,50,0.68,0.5418970269185592,0.7924178373934317,0.7647058823529411,0.32,0.575,14.375,112.06199999999572,0.0,0.04531285385693397,0.049651273285179126
RL-s14-b175-a1.00,BT-v2,50,0.68,0.5418970269185592,0.7924178373934317,0.78125,0.36,0.6569999999999997,16.425,117.57149999999545,0.010503327787021626,0.03262897611307866,0.0576612339330336
RL-s17-b300-a1.00,BT-v2,50,0.68,0.5418970269185592,0.7924178373934317,0.7368421052631579,0.24,0.40099999999999997,10.025,116.16599999999555,0.0,0.026810479978361026,0.03576697151433106
RL-s18-b225-a1.00,BT-v2,50,0.68,0.5418970269185592,0.7924178373934317,0.7647058823529411,0.32,0.3629999999999998,9.075,114.47899999999564,0.0,0.034340283376032225,0.03933278832046735
RL-s19-b175-a1.00,BT-v2,50,0.68,0.5418970269185592,0.7924178373934317,0.75,0.28,0.41999999999999993,10.5,116.3194999999955,0.0,0.03335259985549459,0.037263045179427176
RL-s9-b125-a1.00,BT-v2,50,0.68,0.5418970269185592,0.7924178373934317,0.78125,0.36,1.2854999999999988,32.1375,107.10799999999603,0.032033978042748566,0.04077617731863338,0.09086898822931783
RL-s12-b300-a1.00,BT-v2,50,0.675,0.5367851937505073,0.7882431465528174,0.7611940298507462,0.33,0.9174999999999995,22.9375,110.13449999999582,0.0,0.041046459145727826,0.05895489473250454
RL-s16-b200-a1.00,BT-v2,50,0.675,0.5367851937505073,0.7882431465528174,0.7966101694915254,0.41,0.45899999999999996,11.475,115.63499999999556,0.00017886855241264503,0.027805696486059815,0.03339441893452364
RL-s17-b250-a1.00,BT-v2,50,0.675,0.5367851937505073,0.7882431465528174,0.7611940298507462,0.33,0.41649999999999987,10.4125,116.01299999999551,0.0,0.02741021075777396,0.03170688517458476
RL-s18-b175-a1.00,BT-v2,50,0.675,0.5367851937505073,0.7882431465528174,0.7536231884057971,0.31,0.40449999999999997,10.1125,115.26999999999558,0.0,0.03436179459067965,0.04035523459103473
RL-s9-b150-a1.00,BT-v2,50,0.675,0.5367851937505073,0.7882431465528174,0.7611940298507462,0.33,1.1879999999999986,29.7,109.80799999999589,0.056149464673509834,0.04207091762877293,0.1163198339699018
RL-s11-b275-a1.00,BT-v2,50,0.67,0.5316882269364904,0.7840535893581677,0.765625,0.36,0.3869999999999999,9.675,115.88299999999553,0.0,0.026559856456793627,0.0308412308563118
RL-s13-b150-a1.00,BT-v2,50,0.67,0.5316882269364904,0.7840535893581677,0.7428571428571429,0.3,0.44449999999999984,11.1125,113.63949999999562,0.0,0.041436189406718435,0.0446337474707385
RL-s16-b150-a1.00,BT-v2,50,0.67,0.5316882269364904,0.7840535893581677,0.7833333333333333,0.4,0.46149999999999985,11.5375,115.78399999999554,0.00103161397670549,0.036154548960238696,0.04530115957795991
RL-s16-b175-a1.00,BT-v2,50,0.67,0.5316882269364904,0.7840535893581677,0.7741935483870968,0.38,0.5489999999999998,13.725,116.5769999999955,0.0,0.028746806788592653,0.03226276245297229
RL-s8-b75-a1.00,BT-v2,50,0.67,0.5316882269364904,0.7840535893581677,0.75,0.32,0.37499999999999994,9.375,115.77199999999556,0.0,0.027273821997465114,0.0319635481377722
RL-s9-b200-a1.00,BT-v2,50,0.67,0.5316882269364904,0.7840535893581677,0.7741935483870968,0.38,0.5124999999999996,12.8125,114.3669999999956,0.002287853577371048,0.04136902097581028,0.053791833836230686
RL-s14-b225-a1.00,BT-v2,50,0.665,0.5266059666711593,0.7798493256148324,0.7538461538461538,0.35,0.9824999999999996,24.5625,112.36549999999573,0.04980729798609837,0.033472539282776645,0.09920648883525685
RL-s8-b125-a1.00,BT-v2,50,0.665,0.5266059666711593,0.7798493256148324,0.7704918032786885,0.39,0.4214999999999998,10.5375,114.32949999999565,0.0,0.02930853228691504,0.03397441069884632
RL-s10-b275-a1.00,BT-v2,50,0.66,0.5215382605023261,0.7756305077749992,0.7424242424242424,0.34,1.0339999999999996,25.85,104.97149999999607,0.016432855405695626,0.04427049544861819,0.07790501321512736
RL-s11-b150-a1.00,BT-v2,50,0.66,0.5215382605023261,0.7756305077749992,0.7666666666666667,0.4,0.292,7.3,116.04699999999553,0.0,0.026098477392889792,0.031171566575031066
RL-s17-b225-a1.00,BT-v2,50,0.66,0.5215382605023261,0.7756305077749992,0.7424242424242424,0.34,0.5544999999999994,13.8625,115.37599999999557,0.0,0.03170082997773201,0.04380871615684368
RL-s10-b175-a1.00,BT-v2,50,0.655,0.5164849630292923,0.7713972812393667,0.7384615384615385,0.35,0.5855,14.6375,113.55249999999569,0.0,0.02872298015080316,0.035399753912962975
RL-s11-b200-a1.00,BT-v2,50,0.655,0.5164849630292923,0.7713972812393667,0.7384615384615385,0.35,0.36849999999999994,9.2125,114.6339999999956,0.0,0.032972892456501784,0.03763769846704578
RL-s17-b200-a1.00,BT-v2,50,0.655,0.5164849630292923,0.7713972812393667,0.7384615384615385,0.35,0.5614999999999997,14.0375,116.17649999999553,0.0,0.030873680853455147,0.04246067015739035
RL-s9-b225-a1.00,BT-v2,50,0.655,0.5164849630292923,0.7713972812393667,0.7313432835820896,0.33,0.4254999999999998,10.6375,113.29849999999567,0.0,0.031062148612582403,0.03834472056289194
RL-s12-b75-a1.00,BT-v2,50,0.645,0.5064210461530909,0.7628881500982351,0.7457627118644068,0.41,0.9994999999999991,24.9875,109.76999999999585,0.015761231281198,0.036271127820965116,0.06681283531855348
RL-s15-b225-a1.00,BT-v2,50,0.645,0.5064210461530909,0.7628881500982351,0.7164179104477612,0.33,0.4184999999999997,10.4625,111.63999999999577,0.006347753743760397,0.03560849976108601,0.04615658147196077
RL-s10-b75-a1.00,BT-v2,50,0.64,0.501410168761127,0.7586125034815326,0.75,0.44,0.5009999999999998,12.525,113.03149999999567,0.008161293491170049,0.04057096614475695,0.053047704746573124
RL-s12-b200-a1.00,BT-v2,50,0.64,0.501410168761127,0.7586125034815326,0.7413793103448276,0.42,1.2099999999999986,30.25,109.50049999999588,0.003286189683860231,0.035261199197868666,0.05384678074500827
RL-s12-b275-a1.00,BT-v2,50,0.64,0.501410168761127,0.7586125034815326,0.7333333333333333,0.4,0.6919999999999997,17.3,113.59799999999565,0.0,0.03201632885519511,0.04393696645399239
RL-s13-b100-a1.00,BT-v2,50,0.64,0.501410168761127,0.7586125034815326,0.7592592592592593,0.46,0.3794999999999999,9.4875,115.33599999999555,0.0,0.031093595725984278,0.042166090592807424
RL-s14-b300-a1.00,BT-v2,50,0.64,0.501410168761127,0.7586125034815326,0.7258064516129032,0.38,0.5384999999999996,13.4625,112.25149999999572,0.07347238081175637,0.09116418676741528,0.17336765388079528
RL-s15-b100-a1.00,BT-v2,50,0.64,0.501410168761127,0.7586125034815326,0.7592592592592593,0.46,0.3434999999999999,8.5875,116.03449999999552,0.052741499218332176,0.029294326790012922,0.08897459166870089
RL-s16-b275-a1.00,BT-v2,50,0.64,0.501410168761127,0.7586125034815326,0.7058823529411765,0.32,0.5264999999999997,13.1625,110.53149999999579,0.0,0.04359531417925119,0.04880176696324095
RL-s18-b300-a1.00,BT-v2,50,0.64,0.501410168761127,0.7586125034815326,0.6944444444444444,0.28,0.6159999999999998,15.4,112.7274999999957,0.0,0.03365752310310455,0.04109966789783672
RL-s19-b125-a1.00,BT-v2,50,0.64,0.501410168761127,0.7586125034815326,0.7333333333333333,0.4,0.3269999999999999,8.175,111.92099999999573,0.0,0.03957906246030034,0.04514630016345787
RL-s19-b225-a1.00,BT-v2,50,0.64,0.501410168761127,0.7586125034815326,0.6842105263157895,0.24,0.5315,13.2875,110.24549999999584,0.0,0.0356101068928422,0.04408806857163986
RL-s11-b125-a1.00,BT-v2,50,0.635,0.4964131836112469,0.7543229646227463,0.7454545454545455,0.45,0.34749999999999986,8.6875,115.42549999999555,0.0,0.030776412238727777,0.03681587178205848
RL-s12-b100-a1.00,BT-v2,50,0.635,0.4964131836112469,0.7543229646227463,0.7647058823529411,0.49,0.4439999999999998,11.1,108.59399999999587,0.0,0.04361548484855689,0.05383636004492586
RL-s13-b200-a1.00,BT-v2,50,0.635,0.4964131836112469,0.7543229646227463,0.7142857142857143,0.37,0.40099999999999997,10.025,113.88799999999564,0.0,0.028647093501414006,0.033157895396032804
RL-s14-b150-a1.00,BT-v2,50,0.635,0.4964131836112469,0.7543229646227463,0.7213114754098361,0.39,0.38999999999999985,9.75,114.82999999999558,0.0,0.033285355408856326,0.04136742035310625
RL-s15-b275-a1.00,BT-v2,50,0.635,0.4964131836112469,0.7543229646227463,0.7288135593220338,0.41,0.6444999999999993,16.1125,111.80799999999576,0.0762323552316483,0.04239378175313964,0.13678189277559333
RL-s11-b250-a1.00,BT-v2,50,0.63,0.4914299766847496,0.7500196475405772,0.703125,0.36,0.3899999999999999,9.75,115.96899999999552,0.03586817016683905,0.03596246099157825,0.07667265164093276
RL-s16-b125-a1.00,BT-v2,50,0.63,0.4914299766847496,0.7500196475405772,0.7407407407407407,0.46,0.302,7.55,116.23099999999549,0.005776979428522859,0.033017672387757394,0.04753824875349709
RL-s19-b150-a1.00,BT-v2,50,0.63,0.4914299766847496,0.7500196475405772,0.703125,0.36,0.3294999999999999,8.2375,115.25849999999555,0.0,0.03671596901613014,0.04159753336555671
RL-s11-b175-a1.00,BT-v2,50,0.625,0.4864604395770931,0.7457026606395672,0.711864406779661,0.41,0.3275,8.1875,115.05949999999557,0.0,0.03322302044892458,0.03844415012076098
RL-s15-b125-a1.00,BT-v2,50,0.625,0.4864604395770931,0.7457026606395672,0.7358490566037735,0.47,0.4159999999999999,10.4,118.6009999999954,0.02521214642262895,0.03277182633315276,0.07411103629989235
RL-s16-b100-a1.00,BT-v2,50,0.625,0.4864604395770931,0.7457026606395672,0.7192982456140351,0.43,0.277,6.925,116.91399999999547,0.0,0.031201312841385245,0.033688131350627724
RL-s18-b150-a1.00,BT-v2,50,0.625,0.4864604395770931,0.7457026606395672,0.711864406779661,0.41,0.33049999999999996,8.2625,115.85849999999554,0.03048756814523219,0.04215667347153361,0.0866341606161826
RL-s19-b200-a1.00,BT-v2,50,0.625,0.4864604395770931,0.7457026606395672,0.6623376623376623,0.23,0.4490000000000001,11.225,116.28099999999553,0.0,0.02707429663369815,0.031246369333135536
RL-s8-b100-a1.00,BT-v2,50,0.625,0.4864604395770931,0.7457026606395672,0.7192982456140351,0.43,0.20949999999999996,5.2375,114.78649999999561,0.0,0.028424534917566815,0.03333097059852829
RL-s14-b200-a1.00,BT-v2,50,0.62,0.4815044693099298,0.7413721068980641,0.7222222222222222,0.46,0.8989999999999995,22.475,109.06649999999588,0.027046495003241883,0.04182479989550477,0.08499388524060889
RL-s17-b125-a1.00,BT-v2,50,0.62,0.4815044693099298,0.7413721068980641,0.6935483870967742,0.38,0.4389999999999998,10.975,112.79349999999572,0.08204645613185724,0.05681241369257793,0.1551143669844558
RL-s8-b225-a1.00,BT-v2,50,0.62,0.4815044693099298,0.7413721068980641,0.74,0.5,0.3184999999999999,7.9625,116.81049999999549,0.0,0.02891375694010599,0.03208149361672337
RL-s14-b125-a1.00,BT-v2,50,0.615,0.4765619681554297,0.7370280840438977,0.7555555555555555,0.55,0.5444999999999998,13.6125,112.7014999999957,0.04142906047969785,0.03831003066702085,0.09545331939613386
RL-s18-b125-a1.00,BT-v2,50,0.615,0.4765619681554297,0.7370280840438977,0.7017543859649122,0.43,0.5364999999999995,13.4125,113.66549999999566,0.018146183301802926,0.0376870150011974,0.06973287112149791
RL-s18-b200-a1.00,BT-v2,50,0.615,0.4765619681554297,0.7370280840438977,0.676923076923077,0.35,0.39849999999999985,9.9625,115.19299999999559,0.0,0.02918169168860407,0.035796284588518267
RL-s8-b250-a1.00,BT-v2,50,0.615,0.4765619681554297,0.7370280840438977,0.7254901960784313,0.49,0.31999999999999995,8.0,118.64599999999538,0.0,0.02793940386267887,0.030868738809484667
RL-s15-b150-a1.00,BT-v2,50,0.61,0.47163284347214507,0.732670684718516,0.7391304347826086,0.54,0.33199999999999974,8.3,113.34849999999565,0.0,0.033440391985710166,0.038437424661407746
RL-s17-b275-a1.00,BT-v2,50,0.61,0.47163284347214507,0.732670684718516,0.6527777777777778,0.28,0.5739999999999996,14.35,118.4549999999954,0.013567553181972695,0.03055056960401706,0.0583912753698071
RL-s8-b300-a1.00,BT-v2,50,0.605,0.46671700755173084,0.7282999966302638,0.7142857142857143,0.51,0.27599999999999997,6.9,116.2619999999955,0.0,0.04356145289886233,0.0469587259190218
RL-s10-b150-a1.00,BT-v2,50,0.6,0.46181437747589366,0.7239161026974346,0.6666666666666666,0.4,0.47450000000000003,11.8625,110.70049999999578,0.0,0.03287491888746465,0.04015081740809863
RL-s11-b225-a1.00,BT-v2,50,0.6,0.46181437747589366,0.7239161026974346,0.6724137931034483,0.42,0.25749999999999995,6.4375,114.9879999999956,0.0,0.025214636699976412,0.030325288832870598
RL-s16-b225-a1.00,BT-v2,50,0.59,0.45204842634378306,0.7151090058122124,0.6956521739130435,0.54,0.4429999999999998,11.075,110.0924999999958,0.000886023294509151,0.04777850313014533,0.05452800516173917
RL-s16-b50-a1.00,BT-v2,50,0.59,0.45204842634378306,0.7151090058122124,0.68,0.5,0.37749999999999984,9.4375,115.41849999999555,0.018031643426148148,0.037988941745063294,0.05954236517571943
RL-s15-b50-a1.00,BT-v2,50,0.585,0.4471849622457635,0.7106859459015654,0.6808510638297872,0.53,0.8314999999999998,20.7875,104.58349999999618,0.04706311408398266,0.036104525314678025,0.10094456413751458
RL-s10-b100-a1.00,BT-v2,50,0.58,0.44233441768578236,0.7062499664528802,0.6379310344827587,0.42,0.2695,6.7375,117.45099999999547,0.04482763629469513,0.030046981018394748,0.07821247889671927
RL-s13-b75-a1.00,BT-v2,50,0.58,0.44233441768578236,0.7062499664528802,0.6739130434782609,0.54,0.3309999999999998,8.275,115.11899999999555,0.023972545757071542,0.0358804879873931,0.06979103390293068
RL-s15-b75-a1.00,BT-v2,50,0.58,0.44233441768578236,0.7062499664528802,0.6666666666666666,0.52,0.31399999999999995,7.85,113.82299999999563,0.026377711310022048,0.03636337141721983,0.07439595621037723
RL-s8-b200-a1.00,BT-v2,50,0.58,0.44233441768578236,0.7062499664528802,0.6666666666666666,0.52,0.2224999999999999,5.5625,111.72199999999575,0.0,0.03351522525267439,0.045023264074484606
RL-s9-b50-a1.00,BT-v2,50,0.58,0.44233441768578236,0.7062499664528802,0.6481481481481481,0.46,0.32249999999999984,8.0625,113.8519999999956,0.039932353052985675,0.036991196315951935,0.08880705236626672
RL-s14-b100-a1.00,BT-v2,50,0.575,0.43749673187040194,0.7018011282595942,0.6666666666666666,0.55,0.9109999999999991,22.775,110.55749999999584,0.005228785357737103,0.03479521045145324,0.05272411218578279
RL-s15-b175-a1.00,BT-v2,50,0.575,0.43749673187040194,0.7018011282595942,0.6415094339622641,0.47,0.31199999999999983,7.8,109.05199999999584,0.0,0.04719184478881245,0.05305740604019732
RL-s17-b50-a1.00,BT-v2,50,0.57,0.4326718481237096,0.6973394879976201,0.6206896551724138,0.42,0.34999999999999987,8.75,106.447499999996,0.005438476971487426,0.04237277699515876,0.05877124565690269
RL-s14-b75-a1.00,BT-v2,50,0.565,0.4278597138022209,0.6928650983104424,0.6326530612244898,0.51,0.40249999999999986,10.0625,112.8564999999957,0.006285357737104822,0.037408959856913254,0.05484104459645491
RL-s15-b250-a1.00,BT-v2,50,0.565,0.4278597138022209,0.6928650983104424,0.6065573770491803,0.39,0.3279999999999997,8.2,108.75549999999592,0.0,0.03592925158037622,0.04181781268104674
RL-s14-b50-a1.00,BT-v2,50,0.56,0.4230602802165686,0.6883780078874284,0.65,0.6,0.205,5.125,119.18399999999536,0.001114808652246256,0.039585789987701625,0.04877048216740211
RL-s17-b175-a1.00,BT-v2,50,0.555,0.41827350255970164,0.683878261535629,0.5774647887323944,0.29,0.3554999999999998,8.8875,112.47149999999573,0.0,0.032789728620122395,0.039035534019898635
RL-s8-b50-a1.00,BT-v2,50,0.555,0.41827350255970164,0.683878261535629,0.5964912280701754,0.43,0.6959999999999996,17.4,106.38649999999605,0.06639064706537534,0.035233521062566456,0.11803352060630817
RL-s13-b50-a1.00,BT-v2,50,0.55,0.4134993398413393,0.679365900245325,0.6,0.5,0.27849999999999986,6.9625,113.36749999999563,0.0,0.03743689974676016,0.04098495880076657
RL-s15-b200-a1.00,BT-v2,50,0.55,0.4134993398413393,0.679365900245325,0.6041666666666666,0.52,0.2694999999999998,6.7375,112.43599999999569,0.0,0.030940647103556106,0.03554651784186682
RL-s9-b25-a1.00,BT-v2,50,0.55,0.4134993398413393,0.679365900245325,0.5833333333333334,0.4,0.34949999999999987,8.7375,114.1569999999956,0.046446933472709874,0.03526456096206067,0.08871502860119868
RL-s9-b75-a1.00,BT-v2,50,0.55,0.4134993398413393,0.679365900245325,0.5892857142857143,0.44,0.8804999999999995,22.0125,102.42549999999625,0.054228672856251936,0.042096230270000354,0.11335553384844879
RL-s10-b50-a1.00,BT-v2,50,0.545,0.4087377548284537,0.6748409612495441,0.5957446808510638,0.53,0.22649999999999995,5.6625,115.32199999999553,0.0,0.03606998453596798,0.040680575928919556
RL-s8-b175-a1.00,BT-v2,50,0.545,0.4087377548284537,0.6748409612495441,0.6097560975609756,0.59,0.27399999999999985,6.85,112.62549999999564,0.019093178036605648,0.04404018877972521,0.07684278888444301
RL-s12-b25-a1.00,BT-v2,50,0.54,0.4039887139915748,0.6703034780777566,0.5909090909090909,0.56,0.2884999999999999,7.2125,111.68399999999572,0.0,0.049220774244151055,0.06123891225059364
RL-s12-b50-a1.00,BT-v2,50,0.54,0.4039887139915748,0.6703034780777566,0.5740740740740741,0.46,0.4479999999999999,11.2,112.7154999999957,0.026860067161014526,0.03813566769519394,0.07751562470529429
RL-s16-b250-a1.00,BT-v2,50,0.54,0.4039887139915748,0.6703034780777566,0.5952380952380952,0.58,0.34899999999999987,8.725,106.53049999999597,0.0,0.055441195845921644,0.05949563964685195
RL-s17-b100-a1.00,BT-v2,50,0.54,0.4039887139915748,0.6703034780777566,0.5909090909090909,0.56,0.21249999999999997,5.3125,112.6934999999957,0.01565966809703126,0.045927851058624895,0.07008212487604053
RL-s18-b100-a1.00,BT-v2,50,0.54,0.4039887139915748,0.6703034780777566,0.5740740740740741,0.46,0.4514999999999999,11.2875,112.4214999999957,0.024593768096776988,0.03830951082606257,0.07900593576924266
RL-s16-b300-a1.00,BT-v2,50,0.535,0.3992521874567365,0.6657534806039285,0.5714285714285714,0.51,0.24550000000000005,6.1375,112.3499999999957,0.043272432813464504,0.03736043037616871,0.08882675644430484
RL-s18-b75-a1.00,BT-v2,50,0.535,0.3992521874567365,0.6657534806039285,0.5522388059701493,0.33,0.3609999999999997,9.025,111.65649999999576,0.0,0.038016124142232904,0.044799443805051256
RL-s8-b150-a1.00,BT-v2,50,0.515,0.3804307525651404,0.6474288194608588,0.5223880597014925,0.33,0.4224999999999997,10.5625,104.07149999999616,0.06458337646335631,0.047504805463501915,0.12821923342108746
RL-s19-b75-a1.00,BT-v2,50,0.51,0.3757564746886105,0.6428165733287223,0.5172413793103449,0.42,0.2529999999999999,6.325,106.03299999999601,0.0,0.04101881062749557,0.04736498436896014
RL-s11-b25-a1.00,BT-v2,50,0.505,0.3710946066185192,0.6381919173901472,0.5102040816326531,0.51,0.2529999999999999,6.325,113.99299999999563,0.0430815459565487,0.0353686721579521,0.08126245053236696
RL-s16-b25-a1.00,BT-v2,50,0.505,0.3710946066185192,0.6381919173901472,0.5087719298245614,0.43,0.5229999999999998,13.075,105.75249999999608,0.11388439657564522,0.04661643887085531,0.1790170930329549
RL-s10-b25-a1.00,BT-v2,50,0.495,0.36180808260985275,0.6289053933814808,0.4883720930232558,0.57,0.18749999999999992,4.6875,112.24699999999571,0.0,0.0358103174438937,0.039354636447828745
RL-s15-b25-a1.00,BT-v2,50,0.495,0.36180808260985275,0.6289053933814808,0.4925373134328358,0.33,0.7034999999999999,17.5875,104.21099999999616,0.07204099049712483,0.05554219571171097,0.14227739784477703
RL-s17-b25-a1.00,BT-v2,50,0.49,0.35718342667127767,0.6242435253113895,0.48148148148148145,0.46,0.24100000000000002,6.025,107.9314999999959,0.0018261231281198002,0.04210040080199331,0.04866452343005533
RL-s19-b25-a1.00,BT-v2,50,0.485,0.35257118053914116,0.6195692474348596,0.4788732394366197,0.29,0.47999999999999976,12.0,99.99899999999637,0.12917518177713905,0.05755961928703261,0.19935663954644808
RL-s16-b75-a1.00,BT-v2,50,0.455,0.325159038750456,0.5912622451715465,0.3953488372093023,0.57,0.127,3.175,114.34599999999563,0.0,0.03208446310603753,0.03499048118187484
RL-s8-b25-a1.00,BT-v2,50,0.455,0.325159038750456,0.5912622451715465,0.4262295081967213,0.39,0.20049999999999993,5.0125,104.44299999999606,0.0,0.05466332829807797,0.06046229972253741
RL-s13-b25-a1.00,BT-v2,50,0.45,0.3206340997546752,0.5865006601586608,0.421875,0.36,0.2674999999999999,6.6875,105.19349999999604,0.0,0.05197787940637411,0.05760500226413495
RL-s18-b275-a1.00,BT-v2,50,0.45,0.3206340997546752,0.5865006601586608,0.42424242424242425,0.34,0.2969999999999999,7.425,111.43149999999578,0.0,0.02906746944843632,0.03400547153724045
RL-s11-b75-a1.00,BT-v2,50,0.44,0.3116219921125717,0.5769397197834315,0.4189189189189189,0.26,0.36899999999999983,9.225,110.06599999999588,0.01853789344566016,0.031612826477239425,0.05533475656499014
RL-s18-b50-a1.00,BT-v2,50,0.44,0.3116219921125717,0.5769397197834315,0.38461538461538464,0.48,1.1849999999999994,29.625,90.45049999999698,0.08541284797087675,0.07079584124417145,0.1856435135237124
RL-s11-b50-a1.00,BT-v2,50,0.425,0.2981988717404058,0.562503268129598,0.3684210526315789,0.43,0.23299999999999982,5.825,109.01149999999592,0.006560677686721504,0.03153289248892485,0.044579536882750126
RL-s10-b125-a1.00,BT-v2,50,0.41,0.2848909941877877,0.5479515736562169,0.39285714285714285,0.16,0.4569999999999998,11.425,91.13899999999694,0.11546624777853606,0.1398542385687564,0.27043965843938383
RL-s18-b25-a1.00,BT-v2,50,0.41,0.2848909941877877,0.5479515736562169,0.36363636363636365,0.34,0.136,3.4,106.19099999999605,0.0,0.03652814688264359,0.043245087964747485
RL-s19-b50-a1.00,BT-v2,50,0.385,0.26297191595610225,0.5234380318445704,0.3380281690140845,0.29,0.2699999999999999,6.75,101.03749999999629,0.0009983361064891838,0.04864490083509507,0.055618330855650946
RL-s19-b100-a1.00,BT-v2,50,0.305,0.19514900350886882,0.4426765601531411,0.208955223880597,0.33,0.27149999999999985,6.7875,90.80349999999692,0.0775792991560753,0.17549868096112323,0.26495243162353915
RL-s14-b25-a1.00,BT-v2,50,0.29,0.18285617310800065,0.42710981852801005,0.171875,0.36,0.102,2.55,108.92999999999589,0.0045673876871880174,0.04143889886721369,0.053435713104221676
RL-s17-b75-a1.00,BT-v2,50,0.205,0.11618001250007814,0.33591507098860346,0.15294117647058825,0.15,0.13450000000000004,3.3625,80.4769999999975,0.14257603267046376,0.245881683445874,0.40153796875975223
RL-s9-b100-a1.00,BT-v3,50,0.97,0.8798918801078071,0.9930413767068359,0.9895833333333334,0.04,3.7374999999999945,93.4375,87.80699999999713,0.0,0.05285103272626295,0.07144486502053456
RL-s16-b25-a1.00,BT-v3,50,0.925,0.8180665164091521,0.9712880243274932,0.9381443298969072,0.03,3.4044999999999948,85.1125,98.9519999999965,0.000861926029449267,0.047365141169724984,0.06404442609104273
RL-s15-b125-a1.00,BT-v3,50,0.9,0.7863976856252035,0.9565242350681097,0.9545454545454546,0.12,2.537499999999996,63.4375,105.13399999999616,0.0,0.04340867242531081,0.05603773973154902
RL-s19-b25-a1.00,BT-v3,50,0.89,0.774088160742615,0.9502607119333653,0.90625,0.04,3.1324999999999954,78.3125,100.03149999999641,9.1514143094841e-05,0.044366593909561554,0.059417815738560156
RL-s12-b250-a1.00,BT-v3,50,0.88,0.7619518261679701,0.9438239984906772,0.9042553191489362,0.06,3.2439999999999958,81.1,92.91549999999683,0.0,0.04854511955950245,0.06765433476457697
RL-s10-b250-a1.00,BT-v3,50,0.865,0.744038185978403,0.9338780666542451,0.9294117647058824,0.15,2.2179999999999978,55.45,100.15299999999644,0.0,0.048196094727117514,0.06075355509399469
RL-s10-b300-a1.00,BT-v3,50,0.85,0.7264362377924752,0.9236204428141738,0.8977272727272727,0.12,2.304999999999997,57.625,97.70949999999657,0.0,0.07437699155915699,0.08357266573522536
RL-s12-b225-a1.00,BT-v3,50,0.85,0.7264362377924752,0.9236204428141738,0.9069767441860465,0.14,2.5809999999999964,64.525,102.52549999999628,0.0,0.047997173523423003,0.06417321971473622
RL-s18-b150-a1.00,BT-v3,50,0.845,0.7206321526935813,0.9201380039044013,0.9058823529411765,0.15,1.6314999999999993,40.7875,111.56299999999577,0.013660936304857138,0.05649142805123869,0.08805955768677638
RL-s12-b300-a1.00,BT-v3,50,0.83,0.7033946329680201,0.9095159516039631,0.8666666666666667,0.1,2.621499999999996,65.5375,110.52549999999584,0.0,0.03341894973669215,0.0534539747786095
RL-s13-b275-a1.00,BT-v3,50,0.83,0.7033946329680201,0.9095159516039631,0.875,0.12,2.039999999999998,51.0,108.47099999999597,0.0,0.04686686443218972,0.05635492506279143
RL-s18-b50-a1.00,BT-v3,50,0.83,0.7033946329680201,0.9095159516039631,0.851063829787234,0.06,2.517999999999997,62.95,99.24899999999644,0.09094208318443756,0.07043151829971589,0.18167215680723459
RL-s17-b125-a1.00,BT-v3,50,0.825,0.6977039539160979,0.905920106647219,0.9113924050632911,0.21,2.325499999999997,58.1375,104.4749999999962,0.0,0.052454746256694655,0.06546615934408635
RL-s9-b50-a1.00,BT-v3,50,0.82,0.6920394632569922,0.9022980732976582,0.8902439024390244,0.18,2.385999999999997,59.65,108.79899999999593,0.0,0.039623417438733266,0.05331858734620022
RL-s12-b150-a1.00,BT-v3,50,0.815,0.6864004049650664,0.8986506075809176,0.8705882352941177,0.15,2.094999999999997,52.375,104.7199999999961,0.0,0.0458628644602192,0.06358827965381496
RL-s19-b300-a1.00,BT-v3,50,0.815,0.6864004049650664,0.8986506075809176,0.8795180722891566,0.17,1.0959999999999992,27.4,113.74999999999565,0.0,0.0382831355106831,0.04352299660931811
RL-s11-b300-a1.00,BT-v3,50,0.81,0.6807860696160823,0.8949784189212354,0.8875,0.2,1.4509999999999985,36.275,113.24599999999568,0.0,0.03774761520147308,0.04661853138684732
RL-s14-b225-a1.00,BT-v3,50,0.81,0.6807860696160823,0.8949784189212354,0.8604651162790697,0.14,2.190999999999997,54.775,106.55549999999604,0.0,0.035819032057050615,0.05002957143016082
RL-s14-b275-a1.00,BT-v3,50,0.81,0.6807860696160823,0.8949784189212354,0.8690476190476191,0.16,1.9539999999999973,48.85,108.05599999999596,0.0,0.036221061929591784,0.04736203632486483
RL-s13-b75-a1.00,BT-v3,50,0.805,0.6751957905914983,0.8912821739371531,0.8674698795180723,0.17,2.017499999999998,50.4375,111.62199999999577,0.0,0.04077157418585406,0.05580500778933401
RL-s9-b125-a1.00,BT-v3,50,0.8,0.6696289406777459,0.887562499842239,0.875,0.2,1.8494999999999977,46.2375,101.14049999999635,0.002117304492512479,0.041650990896413526,0.05663481282134293
RL-s8-b50-a1.00,BT-v3,50,0.795,0.6640849290113966,0.8838199874999219,0.8641975308641975,0.19,2.1134999999999966,52.8375,101.06749999999636,0.00013848396501457702,0.04408428679702891,0.05545752057149692
RL-s17-b200-a1.00,BT-v3,50,0.79,0.658563198328194,0.880055194174458,0.8625,0.2,1.576499999999998,39.4125,110.38449999999582,0.0,0.0431884112554807,0.05791568831415167
RL-s14-b200-a1.00,BT-v3,50,0.785,0.6530632224798487,0.8762686460141369,0.8518518518518519,0.19,1.8889999999999978,47.225,109.25699999999593,0.0,0.030184301481005153,0.04122683725076486
RL-s12-b75-a1.00,BT-v3,50,0.78,0.6475845041874633,0.872460840297856,0.85,0.2,2.027999999999997,50.7,101.05849999999631,0.0,0.047149372943923316,0.06396321760097204
RL-s15-b100-a1.00,BT-v3,50,0.78,0.6475845041874633,0.872460840297856,0.8783783783783784,0.26,1.673499999999998,41.8375,104.0569999999962,0.0,0.04838332559220124,0.0609267173983264
RL-s15-b75-a1.00,BT-v3,50,0.78,0.6475845041874633,0.872460840297856,0.868421052631579,0.24,1.7919999999999978,44.8,111.1069999999958,0.0,0.03520252176706456,0.04997467092693622
RL-s19-b275-a1.00,BT-v3,50,0.78,0.6475845041874633,0.872460840297856,0.8255813953488372,0.14,0.7329999999999999,18.325,117.0994999999955,0.0,0.02967732084204727,0.03327698842083732
RL-s15-b50-a1.00,BT-v3,50,0.775,0.64212657300466,0.8686322474719927,0.8873239436619719,0.29,1.7874999999999974,44.6875,104.86849999999616,0.0015353428085633331,0.03854828228146215,0.0510335970220913
RL-s10-b200-a1.00,BT-v3,50,0.77,0.6366889834670402,0.8647833130009461,0.8461538461538461,0.22,0.8305000000000001,20.7625,116.5604999999955,0.0,0.03059422575276642,0.03456434427813446
RL-s14-b175-a1.00,BT-v3,50,0.765,0.6312713134076325,0.8609144590516874,0.8271604938271605,0.19,2.011999999999998,50.3,108.56549999999594,0.0,0.05287065457496045,0.0668783673818391
RL-s15-b275-a1.00,BT-v3,50,0.765,0.6312713134076325,0.8609144590516874,0.8955223880597015,0.33,1.9519999999999973,48.8,101.56999999999638,0.0,0.04996380841661459,0.06088648687658962
RL-s9-b250-a1.00,BT-v3,50,0.765,0.6312713134076325,0.8609144590516874,0.8354430379746836,0.21,1.1304999999999987,28.2625,111.48499999999575,0.0,0.04212706625126911,0.05405927389950626
RL-s10-b225-a1.00,BT-v3,50,0.76,0.6258731624205708,0.8570260860300828,0.8421052631578947,0.24,1.1054999999999995,27.6375,113.97149999999564,0.0,0.030270030052443483,0.038794261335598865
RL-s10-b275-a1.00,BT-v3,50,0.76,0.6258731624205708,0.8570260860300828,0.8095238095238095,0.16,2.0039999999999973,50.1,102.56299999999628,0.0,0.04387638180534669,0.058319560375446555
RL-s17-b225-a1.00,BT-v3,50,0.76,0.6258731624205708,0.8570260860300828,0.8170731707317073,0.18,1.494999999999998,37.375,111.55949999999577,0.0,0.032200849483552244,0.04414980361104165
RL-s9-b175-a1.00,BT-v3,50,0.76,0.6258731624205708,0.8570260860300828,0.825,0.2,1.495499999999998,37.3875,104.44799999999617,0.0,0.041969154354920504,0.05218530321551088
RL-s12-b50-a1.00,BT-v3,50,0.755,0.6204941504574529,0.8531185739845342,0.7865168539325843,0.11,2.378499999999997,59.4625,102.53199999999627,0.0,0.04054757050302072,0.05806583646863427
RL-s14-b300-a1.00,BT-v3,50,0.755,0.6204941504574529,0.8531185739845342,0.8227848101265823,0.21,1.9484999999999975,48.7125,104.23549999999621,0.0,0.09286458894253703,0.1037470183426266
RL-s17-b275-a1.00,BT-v3,50,0.755,0.6204941504574529,0.8531185739845342,0.8,0.15,1.640999999999998,41.025,112.11549999999573,0.0,0.04732046001241321,0.061115490285440034
RL-s9-b200-a1.00,BT-v3,50,0.755,0.6204941504574529,0.8531185739845342,0.8227848101265823,0.21,1.5004999999999984,37.5125,110.21149999999584,0.0,0.043080873354735004,0.053493287513482264
RL-s14-b250-a1.00,BT-v3,50,0.75,0.6151339165427337,0.849192283890587,0.8048780487804879,0.18,1.6119999999999979,40.3,114.01699999999565,0.0,0.03391232868828015,0.04795814544667634
RL-s12-b175-a1.00,BT-v3,50,0.745,0.6097921175961398,0.8452475588285144,0.8266666666666667,0.25,1.3639999999999983,34.1,109.17349999999591,0.0,0.03808571133144331,0.05043985473078672
RL-s12-b200-a1.00,BT-v3,50,0.745,0.6097921175961398,0.8452475588285144,0.8266666666666667,0.25,2.014499999999997,50.3625,107.061999999996,0.0,0.03843021073594811,0.052300967508043306
RL-s13-b125-a1.00,BT-v3,50,0.745,0.6097921175961398,0.8452475588285144,0.8266666666666667,0.25,1.2804999999999984,32.0125,114.49399999999561,0.0,0.034798137048035194,0.042296720711393766
RL-s15-b300-a1.00,BT-v3,50,0.74,0.6044684273515116,0.8412847250644762,0.8076923076923077,0.22,1.166499999999999,29.1625,113.11849999999569,0.0,0.0345277864081147,0.04598360832907177
RL-s18-b250-a1.00,BT-v3,50,0.74,0.6044684273515116,0.8412847250644762,0.8157894736842105,0.24,0.43,10.75,115.80649999999554,0.003918417681445377,0.03433940621386584,0.0419372459361101
RL-s9-b300-a1.00,BT-v3,50,0.74,0.6044684273515116,0.8412847250644762,0.8157894736842105,0.24,0.8014999999999997,20.0375,112.19399999999573,0.0,0.04887723298530509,0.058483588600271315
RL-s10-b100-a1.00,BT-v3,50,0.735,0.5991625353626994,0.837304093044622,0.8309859154929577,0.29,1.3164999999999987,32.9125,115.17499999999559,0.0,0.032818119102298766,0.039512676590431645
RL-s16-b150-a1.00,BT-v3,50,0.735,0.5991625353626994,0.837304093044622,0.821917808219178,0.27,1.2124999999999988,30.3125,113.34499999999566,0.0,0.03373245480655611,0.04678537267512928
RL-s19-b250-a1.00,BT-v3,50,0.735,0.5991625353626994,0.837304093044622,0.7831325301204819,0.17,0.577,14.425,115.47049999999555,0.0,0.035925574323504426,0.039811688228348095
RL-s9-b150-a1.00,BT-v3,50,0.735,0.5991625353626994,0.837304093044622,0.821917808219178,0.27,1.4259999999999982,35.65,105.22199999999613,0.005900626411409454,0.04018718988477211,0.056190902922493055
RL-s13-b250-a1.00,BT-v3,50,0.73,0.5938741460882104,0.8333059583104446,0.7804878048780488,0.18,1.4394999999999987,35.9875,112.79499999999574,0.0,0.033966738458266484,0.04411181933538637
RL-s15-b225-a1.00,BT-v3,50,0.73,0.5938741460882104,0.8333059583104446,0.8026315789473685,0.24,0.9824999999999993,24.5625,112.22049999999574,0.0,0.03465995765579289,0.038575607870734635
RL-s17-b150-a1.00,BT-v3,50,0.73,0.5938741460882104,0.8333059583104446,0.8108108108108109,0.26,1.4319999999999982,35.8,108.15749999999595,0.0,0.04240923905435639,0.055917810323408396
RL-s18-b125-a1.00,BT-v3,50,0.73,0.5938741460882104,0.8333059583104446,0.8026315789473685,0.24,1.7824999999999978,44.5625,104.23249999999615,0.0,0.05797123880444522,0.07406683927620214
RL-s10-b175-a1.00,BT-v3,50,0.725,0.5886029780472277,0.8292906023427609,0.7922077922077922,0.23,0.6755,16.8875,114.0834999999956,0.0,0.038313015026707815,0.043559635062203464
RL-s12-b125-a1.00,BT-v3,50,0.725,0.5886029780472277,0.8292906023427609,0.8,0.25,1.619499999999998,40.4875,105.5359999999961,0.0,0.04179730486758555,0.055402066164748416
RL-s14-b125-a1.00,BT-v3,50,0.725,0.5886029780472277,0.8292906023427609,0.7922077922077922,0.23,1.8194999999999972,45.4875,103.6519999999962,0.0,0.05798576541195425,0.0689527009573125
RL-s9-b275-a1.00,BT-v3,50,0.725,0.5886029780472277,0.8292906023427609,0.8,0.25,0.514,12.85,117.79549999999543,0.0,0.033605729509443884,0.037691317067070254
RL-s16-b300-a1.00,BT-v3,50,0.72,0.5833487630404344,0.8252582933408877,0.8055555555555556,0.28,1.2714999999999987,31.7875,113.75599999999565,0.005030567901254415,0.03424354244798732,0.0482937608971257
RL-s9-b225-a1.00,BT-v3,50,0.72,0.5833487630404344,0.8252582933408877,0.7894736842105263,0.24,0.8699999999999996,21.75,113.27299999999566,0.0,0.03213284711244902,0.04191607580936294
RL-s12-b275-a1.00,BT-v3,50,0.715,0.578111245429785,0.8212092869428708,0.7654320987654321,0.19,1.4949999999999983,37.375,112.01599999999578,0.0,0.02950056631262208,0.04056572671740938
RL-s13-b100-a1.00,BT-v3,50,0.715,0.578111245429785,0.8212092869428708,0.7866666666666666,0.25,1.3354999999999984,33.3875,115.0334999999956,0.0,0.029878590932012478,0.040272016646343924
RL-s13-b225-a1.00,BT-v3,50,0.715,0.578111245429785,0.8212092869428708,0.7945205479452054,0.27,1.3404999999999985,33.5125,111.17649999999577,0.0,0.040199525958196675,0.05037584157940156
RL-s17-b300-a1.00,BT-v3,50,0.715,0.578111245429785,0.8212092869428708,0.8115942028985508,0.31,0.7344999999999996,18.3625,110.28249999999584,0.0,0.03309393880471064,0.04205780201905847
RL-s11-b100-a1.00,BT-v3,50,0.71,0.5728901814719899,0.8171438268919994,0.7837837837837838,0.26,0.7029999999999997,17.575,116.2574999999955,0.0,0.03482822223365892,0.045049752327686925
RL-s9-b25-a1.00,BT-v3,50,0.71,0.5728901814719899,0.8171438268919994,0.8088235294117647,0.32,1.7079999999999977,42.7,104.90649999999614,0.000281040268456375,0.04103347942639139,0.05028081243140742
RL-s14-b100-a1.00,BT-v3,50,0.705,0.5676853387010256,0.8130621456542974,0.7887323943661971,0.29,1.5399999999999983,38.5,109.83199999999586,0.0,0.03387086384119027,0.04421039303719427
RL-s10-b125-a1.00,BT-v3,50,0.7,0.562496495355466,0.8089644649911906,0.717391304347826,0.08,2.0224999999999977,50.5625,101.23149999999637,0.013113530952206114,0.07907092967104584,0.10325611520718372
RL-s17-b100-a1.00,BT-v3,50,0.7,0.562496495355466,0.8089644649911906,0.7941176470588235,0.32,1.280499999999999,32.0125,113.75849999999564,0.0,0.048338743658067916,0.057593925272495856
RL-s18-b200-a1.00,BT-v3,50,0.695,0.557323439846859,0.8048509964911311,0.7746478873239436,0.29,0.4304999999999999,10.7625,116.18449999999554,0.0,0.03386668193249832,0.04074432963397379
RL-s18-b225-a1.00,BT-v3,50,0.695,0.557323439846859,0.8048509964911311,0.8,0.35,0.4039999999999999,10.1,116.65899999999549,0.0,0.039933255180759304,0.04458816384753035
RL-s9-b75-a1.00,BT-v3,50,0.69,0.5521659702657463,0.8007219420635773,0.7159090909090909,0.12,1.9264999999999974,48.1625,99.89149999999643,0.0017551399167190901,0.041686824565970955,0.054808101404885304
RL-s10-b75-a1.00,BT-v3,50,0.685,0.5470238939222649,0.7965774943983924,0.7681159420289855,0.31,1.044499999999999,26.1125,112.35699999999571,0.0,0.03381527902546386,0.03846882408242412
RL-s13-b175-a1.00,BT-v3,50,0.685,0.5470238939222649,0.7965774943983924,0.7283950617283951,0.19,0.547,13.675,115.98899999999554,0.0,0.030567962763153357,0.0349229003860736
RL-s19-b175-a1.00,BT-v3,50,0.685,0.5470238939222649,0.7965774943983924,0.7534246575342466,0.27,0.47749999999999987,11.9375,114.38299999999559,0.0,0.04107404820612652,0.04554681618161048
RL-s12-b100-a1.00,BT-v3,50,0.68,0.5418970269185592,0.7924178373934317,0.75,0.28,1.1494999999999989,28.7375,110.85349999999582,0.0,0.03565290453911576,0.047031485199218716
RL-s13-b150-a1.00,BT-v3,50,0.68,0.5418970269185592,0.7924178373934317,0.7571428571428571,0.3,0.38449999999999995,9.6125,114.08399999999561,0.0,0.04310643755184069,0.04622806803522098
RL-s13-b300-a1.00,BT-v3,50,0.68,0.5418970269185592,0.7924178373934317,0.7432432432432432,0.26,0.5415,13.5375,113.63999999999564,0.0,0.036828521393405554,0.040050415796329265
RL-s16-b275-a1.00,BT-v3,50,0.68,0.5418970269185592,0.7924178373934317,0.7647058823529411,0.32,0.7169999999999994,17.925,117.21649999999546,0.0,0.03287936169052856,0.03707865311635021
RL-s18-b100-a1.00,BT-v3,50,0.68,0.5418970269185592,0.7924178373934317,0.7571428571428571,0.3,1.4479999999999984,36.2,113.45749999999565,0.0,0.0416210426319589,0.056271527358065614
RL-s11-b125-a1.00,BT-v3,50,0.67,0.5316882269364904,0.7840535893581677,0.75,0.32,0.36749999999999994,9.1875,117.05549999999548,0.0,0.028577730551864137,0.035737059656598714
RL-s16-b175-a1.00,BT-v3,50,0.67,0.5316882269364904,0.7840535893581677,0.75,0.32,0.4375,10.9375,117.97699999999543,0.0,0.026414355955575525,0.02789668547181402
RL-s8-b200-a1.00,BT-v3,50,0.67,0.5316882269364904,0.7840535893581677,0.7741935483870968,0.38,1.1329999999999987,28.325,110.33799999999583,0.0,0.03266761034587492,0.0451355921779645
RL-s8-b275-a1.00,BT-v3,50,0.67,0.5316882269364904,0.7840535893581677,0.75,0.32,0.6129999999999995,15.325,116.27399999999551,0.00013727121464226198,0.03436275243393564,0.03992371165959639
RL-s16-b200-a1.00,BT-v3,50,0.665,0.5266059666711593,0.7798493256148324,0.7538461538461538,0.35,0.375,9.375,115.20499999999556,0.0,0.03038977435120912,0.03961931916239067
RL-s19-b225-a1.00,BT-v3,50,0.665,0.5266059666711593,0.7798493256148324,0.7142857142857143,0.23,0.37149999999999994,9.2875,116.77899999999546,0.0,0.03383633647967229,0.037931830841118536
RL-s8-b125-a1.00,BT-v3,50,0.665,0.5266059666711593,0.7798493256148324,0.7391304347826086,0.31,0.44549999999999995,11.1375,114.85649999999558,0.0,0.03048821000867002,0.03608550821619796
RL-s8-b150-a1.00,BT-v3,50,0.665,0.5266059666711593,0.7798493256148324,0.6813186813186813,0.09,2.0469999999999975,51.175,106.60599999999607,0.0009026622296173039,0.03743283707138928,0.05278101475034812
RL-s11-b25-a1.00,BT-v3,50,0.66,0.5215382605023261,0.7756305077749992,0.7352941176470589,0.32,1.2219999999999986,30.55,107.81549999999594,0.0,0.043670730738901035,0.04866800280343157
RL-s14-b150-a1.00,BT-v3,50,0.66,0.5215382605023261,0.7756305077749992,0.7424242424242424,0.34,0.6634999999999996,16.5875,116.78499999999548,0.0,0.03978074501923988,0.05120304468345172
RL-s15-b25-a1.00,BT-v3,50,0.66,0.5215382605023261,0.7756305077749992,0.7352941176470589,0.32,1.4169999999999985,35.425,100.90649999999633,0.0038493322723812205,0.04431773509242554,0.05745185253292859
RL-s17-b250-a1.00,BT-v3,50,0.66,0.5215382605023261,0.7756305077749992,0.7424242424242424,0.34,0.30900000000000005,7.725,114.42249999999554,0.0,0.047856870744123044,0.054956130470038056
RL-s14-b75-a1.00,BT-v3,50,0.655,0.5164849630292923,0.7713972812393667,0.746031746031746,0.37,1.326499999999998,33.1625,112.15549999999571,0.0,0.03617913033549783,0.04768997826269643
RL-s18-b175-a1.00,BT-v3,50,0.655,0.5164849630292923,0.7713972812393667,0.746031746031746,0.37,0.5044999999999998,12.6125,114.50949999999561,0.00738959282522149,0.0456245825421892,0.060820146556814905
RL-s16-b125-a1.00,BT-v3,50,0.65,0.5114459356210698,0.7671497846389226,0.7678571428571429,0.44,0.5929999999999999,14.825,117.58949999999543,0.0,0.032951773565553746,0.043399025772233264
RL-s16-b50-a1.00,BT-v3,50,0.65,0.5114459356210698,0.7671497846389226,0.7205882352941176,0.32,1.2124999999999984,30.3125,111.53849999999578,0.0,0.037221980045482245,0.040846893144730306
RL-s13-b200-a1.00,BT-v3,50,0.645,0.5064210461530909,0.7628881500982351,0.6883116883116883,0.23,0.44050000000000006,11.0125,114.6984999999956,0.0,0.031410296465144746,0.03471253294440587
RL-s16-b100-a1.00,BT-v3,50,0.64,0.501410168761127,0.7586125034815326,0.7413793103448276,0.42,0.30150000000000005,7.5375,116.35499999999548,0.0,0.035648519094582796,0.03807958890033333
RL-s8-b175-a1.00,BT-v3,50,0.64,0.501410168761127,0.7586125034815326,0.7333333333333333,0.4,1.2439999999999984,31.1,105.50249999999609,0.0,0.04295156185202094,0.05445511028680419
RL-s8-b300-a1.00,BT-v3,50,0.635,0.4964131836112469,0.7543229646227463,0.7142857142857143,0.37,0.40699999999999986,10.175,117.03849999999548,0.0,0.042206867128941984,0.0465259480361498
RL-s11-b200-a1.00,BT-v3,50,0.63,0.4914299766847496,0.7500196475405772,0.6911764705882353,0.32,0.33049999999999996,8.2625,117.20149999999546,0.0,0.02404581824865881,0.02781343947366211
RL-s11-b275-a1.00,BT-v3,50,0.63,0.4914299766847496,0.7500196475405772,0.6857142857142857,0.3,0.45999999999999974,11.5,116.76049999999549,0.0,0.0247879177921511,0.03005869483664027
RL-s17-b50-a1.00,BT-v3,50,0.63,0.4914299766847496,0.7500196475405772,0.7241379310344828,0.42,0.7329999999999994,18.325,110.02799999999579,0.0,0.034314900026308444,0.04207716688554257
RL-s19-b200-a1.00,BT-v3,50,0.63,0.4914299766847496,0.7500196475405772,0.6756756756756757,0.26,0.43650000000000005,10.9125,115.42949999999553,0.0,0.03321631521535653,0.03713977697565179
RL-s11-b175-a1.00,BT-v3,50,0.625,0.4864604395770931,0.7457026606395672,0.6923076923076923,0.35,0.29900000000000015,7.475,117.02049999999545,0.0,0.03620452494348333,0.04079743489793604
RL-s19-b125-a1.00,BT-v3,50,0.625,0.4864604395770931,0.7457026606395672,0.7192982456140351,0.43,0.40399999999999975,10.1,112.17499999999575,0.0,0.036473036058434466,0.04308532876573754
RL-s8-b225-a1.00,BT-v3,50,0.625,0.4864604395770931,0.7457026606395672,0.711864406779661,0.41,0.3204999999999999,8.0125,115.39749999999556,0.0,0.028941565338129735,0.03240570945985581
RL-s8-b250-a1.00,BT-v3,50,0.62,0.4815044693099298,0.7413721068980641,0.6935483870967742,0.38,0.3274999999999999,8.1875,118.7714999999954,0.0,0.028500833425219606,0.031283695322058186
RL-s12-b25-a1.00,BT-v3,50,0.615,0.4765619681554297,0.7370280840438977,0.6949152542372882,0.41,0.9134999999999991,22.8375,111.38249999999579,0.0,0.03558640889656201,0.04533695065056562
RL-s19-b100-a1.00,BT-v3,50,0.615,0.4765619681554297,0.7370280840438977,0.6666666666666666,0.31,1.2014999999999985,30.0375,109.44599999999593,0.04149224274348527,0.10759355313452358,0.15539854340630346
RL-s19-b150-a1.00,BT-v3,50,0.615,0.4765619681554297,0.7370280840438977,0.6885245901639344,0.39,0.3144999999999999,7.8625,116.68599999999552,0.0,0.026292230504162753,0.029830028324098548
RL-s11-b250-a1.00,BT-v3,50,0.61,0.47163284347214507,0.732670684718516,0.6309523809523809,0.16,1.4474999999999982,36.1875,104.85399999999616,0.0,0.04298011756944934,0.04914614041065933
RL-s15-b175-a1.00,BT-v3,50,0.61,0.47163284347214507,0.732670684718516,0.6617647058823529,0.32,0.31949999999999995,7.9875,113.75699999999564,0.0,0.03459711402120416,0.03934583622732317
RL-s16-b225-a1.00,BT-v3,50,0.61,0.47163284347214507,0.732670684718516,0.6964285714285714,0.44,0.5914999999999996,14.7875,117.37799999999547,0.0,0.034958960765438106,0.03918970252643168
RL-s18-b300-a1.00,BT-v3,50,0.61,0.47163284347214507,0.732670684718516,0.6617647058823529,0.32,0.4025,10.0625,114.60299999999559,0.0,0.037039912498300506,0.04242903235138558
RL-s8-b100-a1.00,BT-v3,50,0.61,0.47163284347214507,0.732670684718516,0.6833333333333333,0.4,0.26099999999999995,6.525,114.54399999999559,0.0,0.030716559627479528,0.035584022740286006
RL-s16-b250-a1.00,BT-v3,50,0.605,0.46671700755173084,0.7282999966302638,0.723404255319149,0.53,0.33099999999999996,8.275,113.60899999999563,0.0,0.044324168606184114,0.047058934660531175
RL-s19-b75-a1.00,BT-v3,50,0.605,0.46671700755173084,0.7282999966302638,0.6615384615384615,0.35,0.5539999999999997,13.85,108.59149999999595,0.0,0.03738012267013304,0.04482077792691231
RL-s15-b150-a1.00,BT-v3,50,0.6,0.46181437747589366,0.7239161026974346,0.6724137931034483,0.42,0.36999999999999994,9.25,115.79849999999553,0.0,0.0314541981163532,0.039627048829498045
RL-s8-b75-a1.00,BT-v3,50,0.6,0.46181437747589366,0.7239161026974346,0.6282051282051282,0.22,0.5959999999999998,14.9,115.66149999999554,0.0,0.03578796767802394,0.043704383054428524
RL-s17-b175-a1.00,BT-v3,50,0.595,0.45692487498299544,0.7195190811816664,0.6376811594202898,0.31,0.46599999999999986,11.65,112.5754999999957,0.0,0.03916256875716591,0.04793810494006182
RL-s10-b50-a1.00,BT-v3,50,0.585,0.4471849622457635,0.7106859459015654,0.6808510638297872,0.53,0.29199999999999987,7.3,114.98399999999556,0.0,0.02834200252088694,0.0329550769584262
RL-s11-b150-a1.00,BT-v3,50,0.58,0.44233441768578236,0.7062499664528802,0.625,0.36,0.33849999999999997,8.4625,114.11899999999565,0.0,0.03473400786130584,0.040697381105754105
RL-s18-b75-a1.00,BT-v3,50,0.565,0.4278597138022209,0.6928650983104424,0.6031746031746031,0.37,0.47049999999999964,11.7625,118.06799999999542,0.0031447587354409318,0.029877022792278888,0.039616835106832095
RL-s15-b250-a1.00,BT-v3,50,0.56,0.4230602802165686,0.6883780078874284,0.5909090909090909,0.34,0.34749999999999986,8.6875,112.3799999999957,0.0,0.040419320040638446,0.04766261333780616
RL-s13-b50-a1.00,BT-v3,50,0.55,0.4134993398413393,0.679365900245325,0.5892857142857143,0.44,0.19800000000000004,4.95,116.8319999999955,0.0,0.026616610223820687,0.03048349490174372
RL-s14-b50-a1.00,BT-v3,50,0.55,0.4134993398413393,0.679365900245325,0.6041666666666666,0.52,0.3574999999999999,8.9375,118.5109999999954,0.0,0.0435801763897424,0.05146227022145145
RL-s10-b150-a1.00,BT-v3,50,0.545,0.4087377548284537,0.6748409612495441,0.5671641791044776,0.33,0.5929999999999996,14.825,111.62749999999578,0.0,0.03575673204539274,0.03889242003645919
RL-s15-b200-a1.00,BT-v3,50,0.54,0.4039887139915748,0.6703034780777566,0.5689655172413793,0.42,0.2925,7.3125,114.99749999999558,0.0,0.028717327020538988,0.03374574723750081
RL-s11-b75-a1.00,BT-v3,50,0.53,0.39452814896289856,0.6611909950891,0.5384615384615384,0.22,1.1269999999999987,28.175,108.19899999999596,0.0,0.040908625098460265,0.04753705319172001
RL-s11-b225-a1.00,BT-v3,50,0.515,0.3804307525651404,0.6474288194608588,0.5217391304347826,0.31,0.2615,6.5375,115.0399999999956,0.0,0.023999355871866312,0.02815766461569147
RL-s16-b75-a1.00,BT-v3,50,0.515,0.3804307525651404,0.6474288194608588,0.5333333333333333,0.55,0.16449999999999998,4.1125,116.52899999999546,0.0,0.029930285149035646,0.03213122501060976
RL-s17-b25-a1.00,BT-v3,50,0.51,0.3757564746886105,0.6428165733287223,0.5166666666666667,0.4,0.4334999999999997,10.8375,108.64649999999588,0.0,0.038932880866810786,0.0440853310557704
RL-s8-b25-a1.00,BT-v3,50,0.51,0.3757564746886105,0.6428165733287223,0.5178571428571429,0.44,0.3499999999999998,8.75,113.49099999999564,0.0,0.03348766970550385,0.04009195280287767
RL-s11-b50-a1.00,BT-v3,50,0.49,0.35718342667127767,0.6242435253113895,0.48148148148148145,0.46,0.32349999999999995,8.0875,109.90899999999584,0.0,0.03598106650637829,0.04297619420923739
RL-s13-b25-a1.00,BT-v3,50,0.485,0.35257118053914116,0.6195692474348596,0.47619047619047616,0.37,0.37899999999999984,9.475,110.66449999999581,0.0,0.03300686566398352,0.038759650008380324
RL-s18-b275-a1.00,BT-v3,50,0.48,0.3479713528657804,0.6148825510995539,0.46774193548387094,0.38,0.272,6.8,113.65549999999564,0.0,0.03303002318233336,0.03857663924616292
RL-s17-b75-a1.00,BT-v3,50,0.47,0.33880900491090005,0.6054718510371014,0.4659090909090909,0.12,1.2759999999999987,31.9,97.20399999999655,0.04662034825894508,0.16282187262176706,0.2164463124656736
RL-s10-b25-a1.00,BT-v3,50,0.465,0.33424651939607164,0.6007478125432636,0.425531914893617,0.53,0.14200000000000002,3.55,110.91299999999578,0.0,0.03536300023554546,0.038057589294500926
RL-s19-b50-a1.00,BT-v3,50,0.415,0.2893140540984345,0.5528150377542365,0.37681159420289856,0.31,0.264,6.6,108.15799999999592,0.0,0.03686347956153495,0.04325181836472024
RL-s18-b25-a1.00,BT-v3,50,0.41,0.2848909941877877,0.5479515736562169,0.36764705882352944,0.32,0.16499999999999992,4.125,106.923999999996,0.0,0.04306415165300217,0.049409378327042085
RL-s14-b25-a1.00,BT-v3,50,0.37,0.24998035245942282,0.5085700233152505,0.3375,0.2,0.7514999999999994,18.7875,109.24499999999593,0.004503346349728139,0.04261469816610692,0.05021567249493925
