cond,d_star_common,d_star_090_common,d_star_099_common,f4_common,coverage_entropy,coverage_std
RL-s8-b25-a1.00,6.0,2.0,17.0,0.9416893165985051,0.698123132080309,0.2422844381726279
RL-s8-b50-a1.00,6.0,2.0,17.0,0.9294513192008302,0.7173978964472323,0.27481556229492854
RL-s8-b75-a1.00,17.0,6.0,17.0,0.890170957614701,0.6895280905199764,0.26673621756950067
RL-s8-b100-a1.00,10.0,4.0,17.0,0.9061942822171689,0.6446321447965594,0.23029399944954784
RL-s8-b125-a1.00,17.0,4.0,17.0,0.9022536486593129,0.6209520627729149,0.22568838941508412
RL-s8-b150-a1.00,17.0,5.0,17.0,0.8836019114475457,0.692163049835072,0.2897939314664204
RL-s8-b175-a1.00,5.0,2.0,17.0,0.94530656295074,0.6798942096688535,0.23201539747782438
RL-s8-b200-a1.00,17.0,5.0,17.0,0.8876481169030724,0.6759180987143445,0.24634826838142254
RL-s8-b225-a1.00,17.0,8.0,17.0,0.8649277320524557,0.6840481838007633,0.23035108428775158
RL-s8-b250-a1.00,17.0,9.0,17.0,0.8474369857018611,0.685899781289047,0.2341154871994561
RL-s8-b275-a1.00,17.0,6.0,17.0,0.8739613533324238,0.6608143388549561,0.215717558919827
RL-s8-b300-a1.00,17.0,6.0,17.0,0.8649017184273007,0.6752364326866644,0.22267850425233968
RL-s9-b25-a1.00,6.0,3.0,17.0,0.9369955232370588,0.7010417795466706,0.2458269790410327
RL-s9-b50-a1.00,6.0,1.0,17.0,0.9427577440832476,0.6709680904169171,0.23708544485471827
RL-s9-b75-a1.00,17.0,4.0,17.0,0.9094065408235923,0.7329376157569117,0.3051003199926094
RL-s9-b100-a1.00,5.0,1.0,17.0,0.940434274433927,0.6292871980696138,0.23226341722345212
RL-s9-b125-a1.00,10.0,2.0,17.0,0.9287956474170426,0.6602326703155184,0.25015829479893426
RL-s9-b150-a1.00,17.0,4.0,17.0,0.9081713958071488,0.6903271947197508,0.26135751375182015
RL-s9-b175-a1.00,12.0,3.0,17.0,0.9107391685539797,0.7022239927249146,0.2616482484422833
RL-s9-b200-a1.00,16.0,3.0,17.0,0.921412603362601,0.6514365190225244,0.23111396272660292
RL-s9-b225-a1.00,9.0,5.0,17.0,0.8910466654443157,0.6733569229002111,0.2435832059304052
RL-s9-b250-a1.00,6.0,2.0,17.0,0.9306819203702688,0.6620524059546643,0.22442246188133647
RL-s9-b275-a1.00,17.0,5.0,17.0,0.8949473970570302,0.6789960197488905,0.22703986048542166
RL-s9-b300-a1.00,8.0,4.0,17.0,0.908095828196193,0.6683916098093257,0.22425093547932454
RL-s10-b25-a1.00,17.0,6.0,17.0,0.8794170113092147,0.7108668784686388,0.24848034653230466
RL-s10-b50-a1.00,17.0,5.0,17.0,0.8924416484977006,0.7041218089783142,0.25500374616413685
RL-s10-b75-a1.00,17.0,5.0,17.0,0.8929297904330772,0.652225757437515,0.23557498519261721
RL-s10-b100-a1.00,17.0,8.0,17.0,0.8696997162744681,0.7045646724407986,0.2575789645918951
RL-s10-b125-a1.00,17.0,5.0,17.0,0.8879913671033417,0.7080171401501961,0.31568277699769504
RL-s10-b150-a1.00,17.0,17.0,17.0,0.7836059527777659,0.6658342630446182,0.27908971691572726
RL-s10-b175-a1.00,17.0,17.0,17.0,0.7657521438329202,0.6786390434436278,0.26596811019317507
RL-s10-b200-a1.00,17.0,13.0,17.0,0.7905439377314861,0.6923917642763234,0.2501538298555522
RL-s10-b225-a1.00,17.0,8.0,17.0,0.8247797288953393,0.6856891400532727,0.24787123174467618
RL-s10-b250-a1.00,17.0,7.0,17.0,0.8518558631623162,0.6870562931659936,0.253318390025603
RL-s10-b275-a1.00,17.0,6.0,17.0,0.8757840280903105,0.6421185245537917,0.25278451409905417
RL-s10-b300-a1.00,17.0,7.0,17.0,0.8298398183404143,0.691967348804772,0.26279575229864127
RL-s11-b25-a1.00,17.0,9.0,17.0,0.8285678554243688,0.7065540494895504,0.267011190813146
RL-s11-b50-a1.00,17.0,10.0,17.0,0.8281363142987427,0.7053745590147645,0.2666435051324796
RL-s11-b75-a1.00,17.0,14.0,17.0,0.837886334339328,0.7094755519434147,0.27607945566160813
RL-s11-b100-a1.00,17.0,6.0,17.0,0.8830744840707403,0.6933578049535416,0.2500453554642803
RL-s11-b125-a1.00,17.0,7.0,17.0,0.8936215460880039,0.6130031534519704,0.22653556961118018
RL-s11-b150-a1.00,17.0,10.0,17.0,0.8379673560580503,0.6889791260132183,0.2582873964116156
RL-s11-b175-a1.00,17.0,17.0,17.0,0.8266729834760888,0.6888369812404574,0.2570454041261392
RL-s11-b200-a1.00,17.0,17.0,17.0,0.8300407459859447,0.6930122382297792,0.2613688398095036
RL-s11-b225-a1.00,17.0,17.0,17.0,0.8257386652283147,0.6871983422583391,0.2557034016062579
RL-s11-b250-a1.00,17.0,17.0,17.0,0.8320199083234462,0.7038666104672306,0.2874869857563752
RL-s11-b275-a1.00,17.0,17.0,17.0,0.8379677143967923,0.6840273987183457,0.2475450318623571
RL-s11-b300-a1.00,8.0,2.0,17.0,0.9246126125943372,0.6319284359777754,0.22676534799090514
RL-s12-b25-a1.00,7.0,4.0,17.0,0.9162741712039156,0.6733461666159767,0.22693934391937604
RL-s12-b50-a1.00,7.0,3.0,17.0,0.9256887522540751,0.6636424740772099,0.23252892151489898
RL-s12-b75-a1.00,8.0,3.0,17.0,0.9236381444842612,0.6593171248532959,0.23444378582945022
RL-s12-b100-a1.00,8.0,4.0,17.0,0.9065033441795021,0.6348282430120828,0.2241534946167541
RL-s12-b125-a1.00,17.0,5.0,17.0,0.8942163487280357,0.6678271014686425,0.23359959811051043
RL-s12-b150-a1.00,8.0,4.0,17.0,0.9038095656692926,0.6440841856837023,0.22955429424911103
RL-s12-b175-a1.00,17.0,7.0,17.0,0.8530137263343072,0.6718723634359194,0.254322553640401
RL-s12-b200-a1.00,17.0,5.0,17.0,0.8857940937368987,0.6710552794775473,0.24583161206416007
RL-s12-b225-a1.00,17.0,5.0,17.0,0.8997176445020756,0.6473024790353237,0.24700745906874086
RL-s12-b250-a1.00,17.0,5.0,17.0,0.8999409688998931,0.6265150904777977,0.2418145481894818
RL-s12-b275-a1.00,17.0,8.0,17.0,0.813656305450434,0.659817226394733,0.2578847129564927
RL-s12-b300-a1.00,17.0,6.0,17.0,0.8731116942301118,0.6362842855337522,0.2480545055380244
RL-s13-b25-a1.00,8.0,4.0,17.0,0.9168270208495376,0.7082613651894132,0.2611061199273982
RL-s13-b50-a1.00,17.0,5.0,17.0,0.888534477150277,0.6928404818395674,0.23412720020592306
RL-s13-b75-a1.00,7.0,4.0,17.0,0.9240756121207739,0.6561553753508511,0.22670623561357117
RL-s13-b100-a1.00,17.0,5.0,17.0,0.8896765555094575,0.6683805195645498,0.23426557387389335
RL-s13-b125-a1.00,17.0,5.0,17.0,0.899292823006274,0.6476550041647468,0.2186471691079859
RL-s13-b150-a1.00,17.0,7.0,17.0,0.8401002676920631,0.7025353893806502,0.24216802062527912
RL-s13-b175-a1.00,17.0,8.0,17.0,0.8389696165759192,0.6759284263166347,0.2530103118607695
RL-s13-b200-a1.00,17.0,16.0,17.0,0.7836842631090007,0.6758830348044625,0.25901773533429573
RL-s13-b225-a1.00,17.0,5.0,17.0,0.8759995008780381,0.6795538785684441,0.2586739061199836
RL-s13-b250-a1.00,17.0,8.0,17.0,0.8389314222366525,0.6427294302954878,0.27008128691485195
RL-s13-b275-a1.00,17.0,6.0,17.0,0.8764000898268359,0.6831813105357301,0.2563532905356735
RL-s13-b300-a1.00,17.0,17.0,17.0,0.7821679714484252,0.6965095058021885,0.24851157083884365
RL-s14-b25-a1.00,17.0,7.0,17.0,0.8608504248419382,0.7073975589860036,0.26094208853040074
RL-s14-b50-a1.00,17.0,7.0,17.0,0.8540192230213036,0.6549428017484695,0.23594749713534902
RL-s14-b75-a1.00,17.0,7.0,17.0,0.8578232124950695,0.6984455934155789,0.2311057245949399
RL-s14-b100-a1.00,17.0,7.0,17.0,0.8528386762710608,0.697214422054259,0.24315024072072902
RL-s14-b125-a1.00,17.0,6.0,17.0,0.8689289436069858,0.6875575503642691,0.2305347878423219
RL-s14-b150-a1.00,17.0,6.0,17.0,0.8660585491324881,0.6774479642656185,0.220855125608668
RL-s14-b175-a1.00,17.0,6.0,17.0,0.8667239876899734,0.6833799712812424,0.229339480028055
RL-s14-b200-a1.00,17.0,6.0,17.0,0.8573340915422948,0.6947075585108347,0.24254575569264036
RL-s14-b225-a1.00,17.0,6.0,17.0,0.8600508948658301,0.6895822578160569,0.2515625213596648
RL-s14-b250-a1.00,17.0,6.0,17.0,0.8613177613428394,0.6788695760082394,0.22770057188215734
RL-s14-b275-a1.00,14.0,5.0,17.0,0.8857014382413604,0.6753523659059689,0.2265686946850202
RL-s14-b300-a1.00,9.0,4.0,17.0,0.9097862180697806,0.661057225717167,0.23516773484063902
RL-s15-b25-a1.00,6.0,2.0,17.0,0.9390117864541456,0.7245773279665582,0.2811607786628789
RL-s15-b50-a1.00,6.0,2.0,17.0,0.9347823338041742,0.6941297440621627,0.2521835997868736
RL-s15-b75-a1.00,6.0,2.0,17.0,0.9383050755337278,0.6419166025873283,0.24485303962943913
RL-s15-b100-a1.00,8.0,2.0,17.0,0.9235195129358775,0.7167745292577193,0.25450175302689093
RL-s15-b125-a1.00,7.0,1.0,17.0,0.9311576887440828,0.6312590422951337,0.22466426993100566
RL-s15-b150-a1.00,6.0,3.0,17.0,0.9137804890686307,0.672333791674489,0.23749838628669379
RL-s15-b175-a1.00,17.0,5.0,17.0,0.8780431910614495,0.6813601794649238,0.2513005070179978
RL-s15-b200-a1.00,9.0,5.0,17.0,0.8942351683238524,0.6808026187096627,0.24498194686571279
RL-s15-b225-a1.00,8.0,4.0,17.0,0.9033526011486229,0.6752155069107574,0.23568351637698304
RL-s15-b250-a1.00,12.0,5.0,17.0,0.88886528407405,0.6821831370251059,0.24561032420039766
RL-s15-b275-a1.00,8.0,4.0,17.0,0.9057388088963995,0.6818818942248226,0.2832487993241462
RL-s15-b300-a1.00,7.0,3.0,17.0,0.9204064945544249,0.6617112386901766,0.2381382243023293
RL-s16-b25-a1.00,5.0,2.0,17.0,0.9429445835207761,0.6843913801010164,0.2528886291924158
RL-s16-b50-a1.00,17.0,5.0,17.0,0.8969828731976985,0.7042894857900847,0.25135902553589856
RL-s16-b75-a1.00,17.0,17.0,17.0,0.7395342859884612,0.6503416579275767,0.2413105333001212
RL-s16-b100-a1.00,17.0,11.0,17.0,0.8423821651139942,0.6796884801030166,0.2472978640407384
RL-s16-b125-a1.00,17.0,6.0,17.0,0.8765405223761775,0.6743591631650151,0.24679568974333219
RL-s16-b150-a1.00,17.0,4.0,17.0,0.9033313809236163,0.6219499687683151,0.23909316973994219
RL-s16-b175-a1.00,17.0,11.0,17.0,0.8436278608200445,0.6886499965199582,0.248209138557609
RL-s16-b200-a1.00,17.0,6.0,17.0,0.8689464545571657,0.6753856224372304,0.24199142055782646
RL-s16-b225-a1.00,17.0,6.0,17.0,0.8790808662406929,0.6679113149915437,0.23556966551488784
RL-s16-b250-a1.00,17.0,7.0,17.0,0.8334059074124991,0.6757160805961125,0.2333615051469718
RL-s16-b275-a1.00,17.0,7.0,17.0,0.8472659938816802,0.6885582849453736,0.2526455262234073
RL-s16-b300-a1.00,17.0,7.0,17.0,0.8515266073866495,0.6972478267535109,0.26085910505695703
RL-s17-b25-a1.00,10.0,4.0,17.0,0.9049483399835139,0.7200918091547529,0.25450501541652953
RL-s17-b50-a1.00,17.0,5.0,17.0,0.8917897092357642,0.6986523774223615,0.252190317337242
RL-s17-b75-a1.00,17.0,5.0,17.0,0.8770482511244022,0.7272950667330484,0.32674547460455683
RL-s17-b100-a1.00,17.0,5.0,17.0,0.8909495559118905,0.6784611339039526,0.24627039932975517
RL-s17-b125-a1.00,8.0,4.0,17.0,0.9127828133595808,0.6463090627313635,0.23599129090843785
RL-s17-b150-a1.00,9.0,5.0,17.0,0.8996381459566671,0.6537938394253311,0.22982558801662337
RL-s17-b175-a1.00,17.0,5.0,17.0,0.8738240580811282,0.6456254151731208,0.22984267829724891
RL-s17-b200-a1.00,9.0,5.0,17.0,0.8952704067503169,0.6582261831874959,0.2282185482208134
RL-s17-b225-a1.00,17.0,5.0,17.0,0.8838199273671995,0.6682138092059636,0.23505045768349112
RL-s17-b250-a1.00,17.0,9.0,17.0,0.7969533291667972,0.6816514451525928,0.2506150842906349
RL-s17-b275-a1.00,17.0,5.0,17.0,0.8768225233277254,0.6918449442278217,0.2614883290284865
RL-s17-b300-a1.00,11.0,5.0,17.0,0.8827479270345174,0.6724791462167469,0.23307582126027593
RL-s18-b25-a1.00,17.0,5.0,17.0,0.8864999760231148,0.6976141263249751,0.26944868002826733
RL-s18-b50-a1.00,5.0,1.0,17.0,0.9471242493377614,0.6831775295468576,0.30314372948555784
RL-s18-b75-a1.00,11.0,3.0,17.0,0.9248966366040374,0.6579632080296182,0.23297370711932117
RL-s18-b100-a1.00,13.0,4.0,17.0,0.9137052136751983,0.6998383611740908,0.25303566931295335
RL-s18-b125-a1.00,13.0,3.0,17.0,0.9170589234811256,0.6811323649355343,0.246373783809355
RL-s18-b150-a1.00,11.0,2.0,17.0,0.9340258544624371,0.6285717884674622,0.23687748808448317
RL-s18-b175-a1.00,9.0,3.0,17.0,0.9145390393414321,0.6334298849084689,0.22770784062937252
RL-s18-b200-a1.00,17.0,5.0,17.0,0.8937353483288419,0.6609475330723116,0.22386278059259293
RL-s18-b225-a1.00,10.0,3.0,17.0,0.9264930023838596,0.619717628199104,0.20660854296311734
RL-s18-b250-a1.00,17.0,4.0,17.0,0.9089118438188661,0.6489888593820115,0.2122436186370808
RL-s18-b275-a1.00,17.0,17.0,17.0,0.6379092819657145,0.6649374648581238,0.25023967891881577
RL-s18-b300-a1.00,17.0,10.0,17.0,0.7842656992318977,0.6801234727933181,0.25288267697999883
RL-s19-b25-a1.00,4.0,1.0,17.0,0.9535026851321284,0.7068291408775511,0.265918762717016
RL-s19-b50-a1.00,9.0,4.0,17.0,0.9046174668422439,0.6982069215104559,0.2575539817473944
RL-s19-b75-a1.00,7.0,4.0,17.0,0.9244152584782462,0.7038902534581113,0.2468939307151995
RL-s19-b100-a1.00,3.0,1.0,17.0,0.9585220847791184,0.7410666612356663,0.31477401129824595
RL-s19-b125-a1.00,9.0,3.0,17.0,0.927657896808917,0.6919268269779432,0.24670516557584135
RL-s19-b150-a1.00,17.0,6.0,17.0,0.8718559065430194,0.6643108939154976,0.2531944509404345
RL-s19-b175-a1.00,17.0,8.0,17.0,0.8364774383932245,0.6780310480769005,0.25948781963852235
RL-s19-b200-a1.00,17.0,7.0,17.0,0.8723808804366803,0.6796187932602731,0.2565148267190985
RL-s19-b225-a1.00,17.0,14.0,17.0,0.8499320062752561,0.6607942124052194,0.24984004590452905
RL-s19-b250-a1.00,17.0,5.0,17.0,0.8878907301323387,0.6790224925896288,0.24415360923253762
RL-s19-b275-a1.00,17.0,6.0,17.0,0.8851174388203089,0.6903470327809649,0.24577519978755902
RL-s19-b300-a1.00,17.0,4.0,17.0,0.9100267598987437,0.6726540885176094,0.24068039853428724
