성능 정의,설명 비용,k,가격(검증 절반 점수 손실),Wilcoxon p
평균2(두 상대),D*(0.95),2,0.175,8.587818537030905e-11
평균2(두 상대),D*(0.95),3,0.037500000000000006,0.04197230009789784
평균2(두 상대),D*(0.95),4,0.037500000000000006,0.04197230009789784
평균2(두 상대),D*(0.95),5,0.037500000000000006,0.04197230009789784
평균2(두 상대),D*(0.95),6,-0.0325,0.04781121987940282
평균2(두 상대),D*(0.95),8,-0.0325,0.04781121987940282
평균2(두 상대),D*(0.90),2,-0.0325,0.04781121987940282
평균2(두 상대),D*(0.90),3,-0.0325,0.04781121987940282
평균2(두 상대),D*(0.90),4,-0.0325,0.04781121987940282
평균2(두 상대),D*(0.90),5,0.0,1.0
평균2(두 상대),D*(0.90),6,0.0,1.0
평균2(두 상대),D*(0.90),8,0.0,1.0
학습 상대 BT-v2,D*(0.95),2,0.3375,2.2083951670808695e-12
학습 상대 BT-v2,D*(0.95),3,0.05500000000000001,0.0256554482684946
학습 상대 BT-v2,D*(0.95),4,0.05500000000000001,0.0256554482684946
학습 상대 BT-v2,D*(0.95),5,0.0275,0.25632313221957614
학습 상대 BT-v2,D*(0.95),6,0.065,0.023472276850899705
학습 상대 BT-v2,D*(0.95),8,0.065,0.023472276850899705
학습 상대 BT-v2,D*(0.90),2,0.065,0.023472276850899705
학습 상대 BT-v2,D*(0.90),3,0.065,0.023472276850899705
학습 상대 BT-v2,D*(0.90),4,0.0825,0.004375591890095134
학습 상대 BT-v2,D*(0.90),5,0.0,1.0
학습 상대 BT-v2,D*(0.90),6,0.0,1.0
학습 상대 BT-v2,D*(0.90),8,0.0,1.0
보류 상대 BT-v3,D*(0.95),2,0.15000000000000002,7.639407836431064e-08
보류 상대 BT-v3,D*(0.95),3,0.10750000000000001,1.3557471842370869e-05
보류 상대 BT-v3,D*(0.95),4,0.10750000000000001,1.3557471842370869e-05
보류 상대 BT-v3,D*(0.95),5,0.10750000000000001,1.3557471842370869e-05
보류 상대 BT-v3,D*(0.95),6,0.0125,0.16551785869747015
보류 상대 BT-v3,D*(0.95),8,0.0125,0.16551785869747015
보류 상대 BT-v3,D*(0.90),2,0.0125,0.16551785869747015
보류 상대 BT-v3,D*(0.90),3,0.0125,0.16551785869747015
보류 상대 BT-v3,D*(0.90),4,0.0,1.0
보류 상대 BT-v3,D*(0.90),5,0.0,1.0
보류 상대 BT-v3,D*(0.90),6,0.0,1.0
보류 상대 BT-v3,D*(0.90),8,0.0,1.0
