집합,성능,설명비용,n,rho,p,ci90_lo,ci90_hi
전체,평균2,D*(0.90),282,-0.128,0.0311,-0.23,-0.03
전체,평균2,D*(0.95),282,-0.019,0.7498,-0.12,0.08
전체,평균2,1-F(4),282,-0.049,0.4124,-0.16,0.05
전체,학습상대 BT-v2,D*(0.90),282,-0.111,0.0635,-0.22,-0.0
전체,학습상대 BT-v2,D*(0.95),282,-0.015,0.8021,-0.14,0.09
전체,학습상대 BT-v2,1-F(4),282,-0.014,0.8154,-0.12,0.1
전체,보류상대 BT-v3,D*(0.90),282,-0.101,0.0892,-0.2,-0.0
전체,보류상대 BT-v3,D*(0.95),282,-0.071,0.2346,-0.18,0.04
전체,보류상대 BT-v3,1-F(4),282,-0.107,0.0718,-0.22,0.0
혼합 제외,평균2,D*(0.90),79,-0.188,0.0967,-0.37,0.0
혼합 제외,평균2,D*(0.95),79,0.166,0.1446,-0.03,0.35
혼합 제외,평균2,1-F(4),79,0.139,0.222,-0.06,0.33
혼합 제외,학습상대 BT-v2,D*(0.90),79,-0.164,0.1474,-0.35,0.02
혼합 제외,학습상대 BT-v2,D*(0.95),79,0.248,0.0277,0.04,0.44
혼합 제외,학습상대 BT-v2,1-F(4),79,0.226,0.045,0.01,0.41
혼합 제외,보류상대 BT-v3,D*(0.90),79,-0.096,0.4016,-0.25,0.06
혼합 제외,보류상대 BT-v3,D*(0.95),79,-0.215,0.0572,-0.4,-0.0
혼합 제외,보류상대 BT-v3,1-F(4),79,-0.25,0.026,-0.44,-0.04
풀 대전 26개,풀 점수,D*(0.90),26,-0.149,0.4686,-0.45,0.17
풀 대전 26개,풀 점수,D*(0.95),26,0.125,0.5415,-0.23,0.44
풀 대전 26개,풀 점수,1-F(4),26,0.173,0.3971,-0.19,0.49
