alt,h_m,v_ms,v_kt,n_inst,n_sust,itr_dps,str_dps
SL,0.0,80.0,155.50769374314794,1.9166349101819158,1.9166349101819158,11.48398330717006,11.48398330717006
SL,0.0,81.0,157.45153991493729,1.9648502571411797,1.9648502571411797,11.732474783205795,11.732474783205795
SL,0.0,82.0,159.39538608672663,2.013664552509875,2.013664552509875,11.976337890921053,11.976337890921053
SL,0.0,83.0,161.33923225851598,2.0630777962880034,2.0630777962880034,12.215936117470019,12.215936117470019
SL,0.0,84.0,163.28307843030532,2.1130899884755623,2.1130899884755623,12.451595321293821,12.451595321293821
SL,0.0,85.0,165.2269246020947,2.163701129072554,2.163701129072554,12.68360868997906,12.68360868997906
SL,0.0,86.0,167.17077077388404,2.2149112180789765,2.2149112180789765,12.912240897971929,12.912240897971929
SL,0.0,87.0,169.1146169456734,2.2667202554948314,2.2667202554948314,13.137731616702826,13.137731616702826
SL,0.0,88.0,171.05846311746274,2.3191282413201186,2.3191282413201186,13.360298496335759,13.360298496335759
SL,0.0,89.0,173.00230928925208,2.372135175554837,2.372135175554837,13.58013971317536,13.58013971317536
SL,0.0,90.0,174.94615546104143,2.4257410581989878,2.4257410581989878,13.79743615754511,13.79743615754511
SL,0.0,91.0,176.89000163283077,2.4799458892525696,2.4799458892525696,14.01235332213913,14.01235332213913
SL,0.0,92.0,178.83384780462012,2.534749668715584,2.534749668715584,14.225042939332786,14.225042939332786
SL,0.0,93.0,180.77769397640947,2.59015239658803,2.59015239658803,14.435644406905283,14.435644406905283
SL,0.0,94.0,182.72154014819884,2.6461540728699076,2.6461540728699076,14.644286034488882,14.644286034488882
SL,0.0,95.0,184.6653863199882,2.702754697561218,2.702754697561218,14.851086137375207,14.851086137375207
SL,0.0,96.0,186.60923249177753,2.7599542706619586,2.7599542706619586,15.056153999751418,15.056153999751418
SL,0.0,97.0,188.55307866356688,2.8177527921721324,2.8177527921721324,15.259590725761441,15.259590725761441
SL,0.0,98.0,190.49692483535623,2.8761502620917376,2.8761502620917376,15.461489993800136,15.461489993800136
SL,0.0,99.0,192.44077100714557,2.935146680420774,2.935146680420774,15.661938727009746,15.661938727009746
SL,0.0,100.0,194.38461717893492,2.994742047159244,2.994742047159244,15.86101769094409,15.86101769094409
SL,0.0,101.0,196.32846335072426,3.0549363623071444,3.0549363623071444,16.058802027712513,16.058802027712513
SL,0.0,102.0,198.2723095225136,3.1157296258644767,3.1157296258644767,16.25536173454383,16.25536173454383
SL,0.0,103.0,200.21615569430298,3.1771218378312422,3.1771218378312422,16.45076209356667,16.45076209356667
SL,0.0,104.0,202.16000186609233,3.239112998207438,3.239112998207438,16.6450640586456,16.6450640586456
SL,0.0,105.0,204.10384803788168,3.3017031069930654,3.3017031069930654,16.83832460430752,16.83832460430752
SL,0.0,106.0,206.04769420967102,3.3648921641881264,3.3648921641881264,17.030597041113232,17.030597041113232
SL,0.0,107.0,207.99154038146037,3.4286801697926186,3.4286801697926186,17.221931301253566,17.221931301253566
SL,0.0,108.0,209.9353865532497,3.493067123806542,3.493067123806542,17.41237419765969,17.41237419765969
SL,0.0,109.0,211.87923272503906,3.558053026229897,3.558053026229897,17.601969659499396,17.601969659499396
SL,0.0,110.0,213.8230788968284,3.6236378770626847,3.6236378770626847,17.790758946573124,17.790758946573124
SL,0.0,111.0,215.76692506861775,3.6898216763049048,3.6898216763049048,17.978780844816292,17.978780844816292
SL,0.0,112.0,217.71077124040713,3.756604423956555,3.756604423956555,18.16607184484929,18.16607184484929
SL,0.0,113.0,219.65461741219647,3.823986120017638,3.823986120017638,18.352666305287855,18.352666305287855
SL,0.0,114.0,221.59846358398582,3.891966764488153,3.891966764488153,18.538596602327704,18.538596602327704
SL,0.0,115.0,223.54230975577516,3.9605463573680995,3.9605463573680995,18.72389326694521,18.72389326694521
SL,0.0,116.0,225.4861559275645,4.029724898657479,4.029724898657479,18.908585110905424,18.908585110905424
SL,0.0,117.0,227.43000209935386,4.099502388356289,4.099502388356289,19.092699342637513,19.092699342637513
SL,0.0,118.0,229.3738482711432,4.169878826464531,4.169878826464531,19.276261673922924,19.276261673922924
SL,0.0,119.0,231.31769444293255,4.240854212982206,4.240854212982206,19.459296418240417,19.459296418240417
SL,0.0,120.0,233.2615406147219,4.312428547909311,4.312428547909311,19.64182658152374,19.64182658152374
SL,0.0,121.0,235.20538678651127,4.384601831245849,4.384601831245849,19.823873946009304,19.823873946009304
SL,0.0,122.0,237.14923295830062,4.457374062991819,4.457374062991819,20.00545914778215,20.00545914778215
SL,0.0,123.0,239.09307913008996,4.53074524314722,4.53074524314722,20.186601748567604,20.186601748567604
SL,0.0,124.0,241.0369253018793,4.604715371712055,4.604715371712055,20.367320302261394,20.367320302261394
SL,0.0,125.0,242.98077147366865,4.679284448686317,4.679284448686317,20.547632416643317,20.547632416643317
SL,0.0,126.0,244.924617645458,4.754452474070016,4.754452474070016,20.72755481067644,20.72755481067644
SL,0.0,127.0,246.86846381724735,4.830219447863144,4.830219447863144,20.90710336775539,20.90710336775539
SL,0.0,128.0,248.8123099890367,4.906585370065705,4.906585370065705,21.086293185233806,21.086293185233806
SL,0.0,129.0,250.75615616082604,4.983550240677698,4.983550240677698,21.26513862052982,21.26513862052982
SL,0.0,130.0,252.7000023326154,5.061114059699122,5.061114059699122,21.443653334081468,21.443653334081468
SL,0.0,131.0,254.64384850440476,5.1392768271299785,5.1392768271299785,21.621850329399418,21.621850329399418
SL,0.0,132.0,256.5876946761941,5.218038542970267,5.218038542970267,21.79974199044207,21.79974199044207
SL,0.0,133.0,258.5315408479834,5.297399207219986,5.297399207219986,21.9773401165186,21.9773401165186
SL,0.0,134.0,260.4753870197728,5.377358819879138,5.377358819879138,22.154655954907486,22.154655954907486
SL,0.0,135.0,262.41923319156217,5.4579173809477215,5.4579173809477215,22.331700231361655,22.331700231361655
SL,0.0,136.0,264.3630793633515,5.539074890425737,5.539074890425737,22.508483178657492,22.508483178657492
SL,0.0,137.0,266.30692553514086,5.620831348313184,5.620831348313184,22.68501456333104,22.68501456333104
SL,0.0,138.0,268.2507717069302,5.703186754610064,5.703186754610064,22.86130371073317,22.86130371073317
SL,0.0,139.0,270.19461787871955,5.786141109316375,5.786141109316375,23.037359528524725,23.037359528524725
SL,0.0,140.0,272.1384640505089,5.869694412432118,5.843136507083948,23.213190528722496,23.105013630472204
SL,0.0,141.0,274.08231022229825,5.953846663957292,5.882030009756395,23.388804848398337,23.098442594868597
SL,0.0,142.0,276.0261563940876,6.038597863891899,5.920861404270833,23.564210269125205,23.091684034988656
SL,0.0,143.0,277.97000256587694,6.123948012235938,5.959630198423947,23.73941423525685,23.084740679750517
SL,0.0,144.0,279.9138487376663,6.209897108989408,5.998335898807198,23.91442387112092,23.077615156719336
SL,0.0,145.0,281.85769490945563,6.296445154152309,6.036978010794156,24.089245997199143,23.070309996295084
SL,0.0,146.0,283.801541081245,6.383592147724644,6.075556038527724,24.263887145362606,23.062827635696078
SL,0.0,147.0,285.7453872530343,6.471338089706409,6.1140694849072625,24.438353573224987,23.055170422749676
SL,0.0,148.0,287.68923342482367,6.559682980097607,6.15251785157559,24.61265127767201,23.047340619500634
SL,0.0,149.0,289.633079596613,6.6486268188982365,6.190900638905883,24.78678600762075,23.03934040564707
SL,0.0,150.0,291.57692576840236,6.738169606108297,6.2292173459884586,24.96076327605891,23.03117188181347
SL,0.0,151.0,293.5207719401917,6.828311341727791,6.267467470617446,25.13458837141012,23.022837072669343
SL,0.0,152.0,295.4646181119811,6.9190520257567165,6.305650509277336,25.30826636826825,23.01433792990192
SL,0.0,153.0,297.40846428377046,7.010391658195075,6.343765957129413,25.481802137540544,23.00567633505053
SL,0.0,154.0,299.3523104555598,7.102330239042863,6.3818133079980806,25.655200356036577,22.996854102210023
SL,0.0,155.0,301.29615662734915,7.194867768300083,6.41979205435704,25.828465515537406,22.987872980609986
SL,0.0,156.0,303.2400027991385,7.288004245966736,6.457701687315376,26.00160193137699,22.97873465707636
SL,0.0,157.0,305.18384897092784,7.381739672042819,6.495541696603499,26.174613750565516,22.969440758381385
SL,0.0,158.0,307.1276951427172,7.4760740465283355,6.533311570558955,26.34750495948257,22.959992853487652
SL,0.0,159.0,309.07154131450653,7.571007369423284,6.571010796112127,26.52027939116584,22.95039245569168
SL,0.0,160.0,311.0153874862959,7.666539640727663,6.608638858771798,26.692940732219544,22.940641024672153
SL,0.0,161.0,312.9592336580852,7.762670860441476,6.646195242610571,26.865492529365106,22.930739968447416
SL,0.0,162.0,314.90307982987457,7.859401028564719,6.683679430250169,27.037938195654938,22.920690645246978
SL,0.0,163.0,316.8469260016639,7.956730145097394,6.721090902846601,27.210281016369255,22.910494365301247
SL,0.0,164.0,318.79077217345326,8.0546582100395,6.75842914007517,27.382524154613833,22.90015239255335
SL,0.0,165.0,320.7346183452426,8.153185223391041,6.795693620115368,27.55467065663633,22.889665946297153
SL,0.0,166.0,322.67846451703195,8.252311185152013,6.832883819635609,27.72672345687678,22.879036202744818
SL,0.0,167.0,324.6223106888213,8.352036095322415,6.869999213777828,27.898685382767667,22.868264296527418
SL,0.0,168.0,326.56615686061065,8.45235995390225,6.9070392761419335,28.070559159297424,22.85735132213188
SL,0.0,169.0,328.5100030324,8.553282760891515,6.944003478770107,28.242347413350505,22.84629833527716
SL,0.0,170.0,330.4538492041894,8.654804516290216,6.98089129213096,28.414052677836704,22.83510635423267
SL,0.0,171.0,332.39769537597874,8.756925220098346,7.017702185103528,28.58567739562085,22.82377636108157
SL,0.0,172.0,334.3415415477681,8.859644872315906,7.054435624961127,28.75722392326425,22.81230930293163
SL,0.0,173.0,336.28538771955743,8.9629634729429,7.091091077355033,28.92869453458778,22.800706093075984
SL,0.0,174.0,338.2292338913468,9.0,7.12766800629802,28.88278405407749,22.788967612106216
SL,0.0,175.0,340.1730800631361,9.0,7.164165874147728,28.717739573768476,22.777094708979853
SL,0.0,176.0,342.1169262349255,9.0,7.200584141589863,28.55457059891752,22.765088202044435
SL,0.0,177.0,344.0607724067148,9.0,7.236922267621245,28.393245341296513,22.75294888002014
SL,0.0,178.0,346.00461857850416,9.0,7.273179709532679,28.233732727019568,22.74067750294277
SL,0.0,179.0,347.9484647502935,9.0,7.309355922891651,28.076002376589287,22.72827480306897
SL,0.0,180.0,349.89231092208286,9.0,7.34545036152486,27.92002458560824,22.71574148574524
SL,0.0,181.0,351.8361570938722,9.0,7.381462477500565,27.765770306129742,22.70307823024254
SL,0.0,182.0,353.78000326566155,9.0,7.417391721110766,27.613211128623533,22.690285690557793
SL,0.0,183.0,355.7238494374509,9.0,7.45323754085319,27.46231926453269,22.677364496183902
SL,0.0,184.0,357.66769560924024,9.0,7.4889993834131054,27.313067529399362,22.664315252849548
SL,0.0,185.0,359.6115417810296,9.0,7.524676693644935,27.165429326537744,22.651138543230147
SL,0.0,186.0,361.55538795281893,9.0,7.560268914553696,27.019378631233778,22.637834927631207
SL,0.0,187.0,363.4992341246083,9.0,7.595775487276241,26.874889975451783,22.62440494464519
SL,0.0,188.0,365.4430802963977,9.0,7.631195851062308,26.731938433029164,22.610849111783132
SL,0.0,189.0,367.386926468187,9.0,7.666529443255359,26.59049960534118,22.59716792608195
SL,0.0,190.0,369.3307726399764,9.0,7.701775699273231,26.450549607418328,22.583361864688563
SL,0.0,191.0,371.2746188117657,9.0,7.736934052588589,26.31206505449991,22.569431385421797
SL,0.0,192.0,373.21846498355507,9.0,7.772003934709156,26.175023049007724,22.55537692731292
SL,0.0,193.0,375.1623111553444,9.0,7.806984775157739,26.039401167924783,22.541198911125743
SL,0.0,194.0,377.10615732713376,9.0,7.841876001452053,25.905177450564345,22.526897739857144
SL,0.0,195.0,379.0500034989231,9.0,7.876677039084313,25.772330386715296,22.512473799218746
SL,0.0,196.0,380.99384967071245,9.0,7.911387311500609,25.64083890515042,22.497927458100616
SL,0.0,197.0,382.9376958425018,9.0,7.94600624008008,25.510682362484683,22.48325906901762
SL,0.0,198.0,384.88154201429114,9.0,7.980533244113824,25.381840532371125,22.468468968539145
SL,0.0,199.0,386.8253881860805,9.0,8.01496774078362,25.254293595022528,22.453557477702944
SL,0.0,200.0,388.76923435786983,9.0,8.049309145140375,25.128022127047416,22.438524902413544
SL,0.0,201.0,390.7130805296592,9.0,8.083556870082374,25.003007091589467,22.42337153382605
SL,0.0,202.0,392.6569267014485,9.0,8.117710326333265,24.87922982875982,22.408097648715756
SL,0.0,203.0,394.6007728732379,9.0,8.151768922419807,24.756672046352133,22.392703509834174
SL,0.0,204.0,396.5446190450272,9.0,8.185732064649367,24.635315810830797,22.37718936625197
SL,0.0,205.0,398.48846521681656,9.0,8.219599157087183,24.515143538582844,22.361555453689427
SL,0.0,206.0,400.43231138860597,9.0,8.253369601533336,24.396137987424673,22.345801994834687
SL,0.0,207.0,402.3761575603953,9.0,8.287042797499506,24.27828224835499,22.329929199650515
SL,0.0,208.0,404.32000373218466,9.0,8.320618142185436,24.16155973754559,22.313937265669786
SL,0.0,209.0,406.263849903974,9.0,8.354095030455138,24.04595418856212,22.297826378280227
SL,0.0,210.0,408.20769607576335,9.0,8.387472854812817,23.93144964480706,22.281596710998798
SL,0.0,211.0,410.1515422475527,9.0,8.420751005378552,23.818030452177645,22.26524842573611
SL,0.0,212.0,412.09538841934204,9.0,8.453928869863647,23.705681251931523,22.248781673051166
SL,0.0,213.0,414.0392345911314,9.0,8.48700583354574,23.59438697375344,22.23219659239691
SL,0.0,214.0,415.98308076292074,9.0,8.519981279243614,23.484132829016275,22.215493312356823
SL,0.0,215.0,417.9269269347101,9.0,8.552854587291694,23.374904304230153,22.19867195087289
SL,0.0,216.0,419.8707731064994,9.0,8.585625135514272,23.266687154673534,22.181732615465272
SL,0.0,217.0,421.8146192782888,9.0,8.618292299199412,23.15946739820038,22.164675403443997
SL,0.0,218.0,423.7584654500781,9.0,8.65085545107256,23.05323130921781,22.147500402112914
SL,0.0,219.0,425.70231162186747,9.0,8.683313961269834,22.94796541282869,22.1302076889662
SL,0.0,220.0,427.6461577936568,9.0,8.715667197310994,22.84365647913401,22.11279733187761
SL,0.0,221.0,429.59000396544616,9.0,8.747914524072108,22.74029151768997,22.09526938928292
SL,0.0,222.0,431.5338501372355,9.0,8.780055303757862,22.63785777211479,22.077623910355523
SL,0.0,223.0,433.4776963090249,9.0,8.81208889587356,22.536342714840732,22.059860935175585
SL,0.0,224.0,435.42154248081425,9.0,8.844014657196782,22.43573404200662,22.04198049489299
SL,0.0,225.0,437.3653886526036,9.0,8.87583194174869,22.336019668486593,22.023982611884165
SL,0.0,226.0,439.30923482439295,9.0,8.907540100764983,22.23718772305081,22.005867299903045
SL,0.0,227.0,441.2530809961823,9.0,8.939138482666527,22.13922654365411,21.98763456422646
SL,0.0,228.0,443.19692716797164,9.0,8.970626433029574,22.042124672848608,21.96928440179396
SL,0.0,229.0,445.140773339761,9.0,9.0,21.94587085331652,21.94587085331652
SL,0.0,230.0,447.08461951155033,9.0,9.0,21.85045402351949,21.85045402351949
SL,0.0,231.0,449.0284656833397,9.0,9.0,21.755863313460964,21.755863313460964
SL,0.0,232.0,450.972311855129,9.0,9.0,21.662088040558114,21.662088040558114
SL,0.0,233.0,452.91615802691837,9.0,9.0,21.5691177056201,21.5691177056201
SL,0.0,234.0,454.8600041987077,9.0,9.0,21.47694198892941,21.47694198892941
SL,0.0,235.0,456.80385037049706,9.0,9.0,21.38555074642333,21.38555074642333
SL,0.0,236.0,458.7476965422864,9.0,9.0,21.294934005972383,21.294934005972383
SL,0.0,237.0,460.69154271407575,9.0,9.0,21.20508196375309,21.20508196375309
SL,0.0,238.0,462.6353888858651,9.0,9.0,21.115984980712113,21.115984980712113
SL,0.0,239.0,464.57923505765444,9.0,9.0,21.027633579119176,21.027633579119176
SL,0.0,240.0,466.5230812294438,9.0,9.0,20.94001843920618,20.94001843920618
SL,0.0,241.0,468.4669274012332,9.0,9.0,20.853130395889973,20.853130395889973
SL,0.0,242.0,470.41077357302254,9.0,9.0,20.766960435576376,20.766960435576376
SL,0.0,243.0,472.3546197448119,9.0,9.0,20.68149969304314,20.68149969304314
SL,0.0,244.0,474.29846591660123,9.0,9.0,20.59673944839952,20.59673944839952
SL,0.0,245.0,476.2423120883906,9.0,9.0,20.512671124120338,20.512671124120338
SL,0.0,246.0,478.1861582601799,9.0,9.0,20.429286282152372,20.429286282152372
SL,0.0,247.0,480.13000443196927,9.0,9.0,20.34657662109102,20.34657662109102
SL,0.0,248.0,482.0738506037586,9.0,9.0,20.264533973425333,20.264533973425333
SL,0.0,249.0,484.01769677554796,9.0,9.0,20.18315030284933,20.18315030284933
SL,0.0,250.0,485.9615429473373,9.0,9.0,20.102417701637933,20.102417701637933
SL,0.0,251.0,487.90538911912665,9.0,9.0,20.022328388085587,20.022328388085587
SL,0.0,252.0,489.849235290916,9.0,9.0,19.942874704005884,19.942874704005884
SL,0.0,253.0,491.79308146270535,9.0,9.0,19.86404911229045,19.86404911229045
SL,0.0,254.0,493.7369276344947,9.0,9.0,19.785844194525524,19.785844194525524
SL,0.0,255.0,495.68077380628404,9.0,9.0,19.708252648664637,19.708252648664637
SL,0.0,256.0,497.6246199780734,9.0,9.0,19.631267286755794,19.631267286755794
SL,0.0,257.0,499.56846614986273,9.0,9.0,19.554881032721724,19.554881032721724
SL,0.0,258.0,501.5123123216521,9.0,9.0,19.479086920191794,19.479086920191794
SL,0.0,259.0,503.4561584934415,9.0,9.0,19.403878090384104,19.403878090384104
SL,0.0,260.0,505.4000046652308,9.0,9.0,19.329247790036472,19.329247790036472
SL,0.0,261.0,507.34385083702017,9.0,9.0,19.25518936938499,19.25518936938499
SL,0.0,262.0,509.2876970088095,9.0,9.0,19.181696280188866,19.181696280188866
SL,0.0,263.0,511.23154318059886,9.0,9.0,19.108762073800317,19.108762073800317
SL,0.0,264.0,513.1753893523882,9.0,9.0,19.036380399278343,19.036380399278343
SL,0.0,265.0,515.1192355241775,9.0,9.0,18.96454500154522,18.96454500154522
SL,0.0,266.0,517.0630816959668,9.0,9.0,18.893249719584524,18.893249719584524
SL,0.0,267.0,519.0069278677562,9.0,9.0,18.822488484679713,18.822488484679713
SL,0.0,268.0,520.9507740395456,9.0,9.0,18.7522553186921,18.7522553186921
SL,0.0,269.0,522.894620211335,9.0,9.0,18.682544332377258,18.682544332377258
SL,0.0,270.0,524.8384663831243,9.0,9.0,18.613349723738825,18.613349723738825
SL,0.0,271.0,526.7823125549137,9.0,9.0,18.544665776418753,18.544665776418753
SL,0.0,272.0,528.726158726703,9.0,9.0,18.4764868581231,18.4764868581231
SL,0.0,273.0,530.6700048984924,9.0,9.0,18.408807419082354,18.408807419082354
SL,0.0,274.0,532.6138510702817,9.0,9.0,18.34162199054556,18.34162199054556
SL,0.0,275.0,534.5576972420711,9.0,9.0,18.27492518330721,18.27492518330721
SL,0.0,276.0,536.5015434138604,9.0,9.0,18.20871168626624,18.20871168626624
SL,0.0,277.0,538.4453895856498,9.0,9.0,18.142976265016184,18.142976265016184
SL,0.0,278.0,540.3892357574391,9.0,9.0,18.077713760465766,18.077713760465766
SL,0.0,279.0,542.3330819292285,9.0,9.0,18.012919087489188,18.012919087489188
SL,0.0,280.0,544.2769281010178,9.0,9.0,17.948587233605295,17.948587233605295
SL,0.0,281.0,546.2207742728071,9.0,9.0,17.884713257684993,17.884713257684993
SL,0.0,282.0,548.1646204445965,9.0,9.0,17.82129228868611,17.82129228868611
SL,0.0,283.0,550.1084666163858,9.0,9.0,17.758319524415136,17.758319524415136
SL,0.0,284.0,552.0523127881752,9.0,9.0,17.69579023031508,17.69579023031508
SL,0.0,285.0,553.9961589599645,9.0,9.0,17.63369973827889,17.63369973827889
SL,0.0,286.0,555.9400051317539,9.0,9.0,17.572043445487704,17.572043445487704
SL,0.0,287.0,557.8838513035432,9.0,9.0,17.510816813273458,17.510816813273458
SL,0.0,288.0,559.8276974753326,9.0,9.0,17.45001536600515,17.45001536600515
SL,0.0,289.0,561.7715436471219,9.0,9.0,17.38963468999821,17.38963468999821
SL,0.0,290.0,563.7153898189113,9.0,9.0,17.32967043244649,17.32967043244649
SL,0.0,291.0,565.6592359907006,9.0,9.0,17.270118300376232,17.270118300376232
SL,0.0,292.0,567.60308216249,9.0,9.0,17.210974059621517,17.210974059621517
SL,0.0,293.0,569.5469283342793,9.0,9.0,17.15223353382076,17.15223353382076
SL,0.0,294.0,571.4907745060686,9.0,9.0,17.093892603433616,17.093892603433616
SL,0.0,295.0,573.434620677858,9.0,9.0,17.03594720477791,17.03594720477791
SL,0.0,296.0,575.3784668496473,9.0,9.0,16.97839332908609,16.97839332908609
SL,0.0,297.0,577.3223130214367,9.0,9.0,16.921227021580748,16.921227021580748
SL,0.0,298.0,579.266159193226,9.0,9.0,16.864444380568735,16.864444380568735
SL,0.0,299.0,581.2100053650154,9.0,9.0,16.808041556553455,16.808041556553455
SL,0.0,300.0,583.1538515368047,9.0,9.0,16.752014751364943,16.752014751364943
SL,0.0,301.0,585.0976977085941,9.0,9.0,16.69636021730725,16.69636021730725
SL,0.0,302.0,587.0415438803834,9.0,9.0,16.64107425632279,16.64107425632279
SL,0.0,303.0,588.9853900521728,9.0,9.0,16.58615321917321,16.58615321917321
SL,0.0,304.0,590.9292362239622,9.0,9.0,16.531593504636454,16.531593504636454
SL,0.0,305.0,592.8730823957516,9.0,9.0,16.477391558719617,16.477391558719617
SL,0.0,306.0,594.8169285675409,9.0,9.0,16.423543873887198,16.423543873887198
SL,0.0,307.0,596.7607747393303,9.0,9.0,16.3700469883045,16.3700469883045
SL,0.0,308.0,598.7046209111196,9.0,9.0,16.316897485095723,16.316897485095723
SL,0.0,309.0,600.648467082909,9.0,9.0,16.26409199161645,16.26409199161645
SL,0.0,310.0,602.5923132546983,9.0,9.0,16.211627178740265,16.211627178740265
SL,0.0,311.0,604.5361594264876,9.0,9.0,16.159499760159107,16.159499760159107
SL,0.0,312.0,606.480005598277,9.0,9.0,16.10770649169706,16.10770649169706
SL,0.0,313.0,608.4238517700663,9.0,9.0,16.056244170637328,16.056244170637328
SL,0.0,314.0,610.3676979418557,9.0,9.0,16.00510963506205,16.00510963506205
SL,0.0,315.0,612.311544113645,9.0,9.0,15.954299763204707,15.954299763204707
SL,0.0,316.0,614.2553902854344,9.0,9.0,15.903811472814818,15.903811472814818
SL,0.0,317.0,616.1992364572237,9.0,9.0,15.853641720534647,15.853641720534647
SL,0.0,318.0,618.1430826290131,9.0,9.0,15.803787501287681,15.803787501287681
SL,0.0,319.0,620.0869288008024,9.0,9.0,15.754245847678629,15.754245847678629
SL,0.0,320.0,622.0307749725918,9.0,9.0,15.705013829404633,15.705013829404633
SL,0.0,321.0,623.9746211443811,9.0,9.0,15.656088552677517,15.656088552677517
SL,0.0,322.0,625.9184673161704,9.0,9.0,15.60746715965678,15.60746715965678
SL,0.0,323.0,627.8623134879598,9.0,9.0,15.559146827893136,15.559146827893136
SL,0.0,324.0,629.8061596597491,9.0,9.0,15.511124769782354,15.511124769782354
SL,0.0,325.0,631.7500058315385,9.0,9.0,15.463398232029176,15.463398232029176
SL,0.0,326.0,633.6938520033278,9.0,9.0,15.415964495121113,15.415964495121113
SL,0.0,327.0,635.6376981751172,9.0,9.0,15.368820872811876,15.368820872811876
SL,0.0,328.0,637.5815443469065,9.0,9.0,15.321964711614276,15.321964711614276
SL,0.0,329.0,639.5253905186959,9.0,9.0,15.275393390302382,15.275393390302382
SL,0.0,330.0,641.4692366904852,9.0,9.0,15.229104319422675,15.229104319422675
SL,0.0,331.0,643.4130828622746,9.0,9.0,15.183094940814149,15.183094940814149
SL,0.0,332.0,645.3569290340639,9.0,9.0,15.137362727136997,15.137362727136997
SL,0.0,333.0,647.3007752058533,9.0,9.0,15.091905181409858,15.091905181409858
SL,0.0,334.0,649.2446213776426,9.0,9.0,15.046719836555338,15.046719836555338
SL,0.0,335.0,651.188467549432,9.0,9.0,15.001804254953681,15.001804254953681
SL,0.0,336.0,653.1323137212213,9.0,9.0,14.957156028004414,14.957156028004414
SL,0.0,337.0,655.0761598930106,9.0,9.0,14.912772775695794,14.912772775695794
SL,0.0,338.0,657.0200060648,9.0,9.0,14.868652146181901,14.868652146181901
SL,0.0,339.0,658.9638522365894,9.0,9.0,14.824791815367206,14.824791815367206
SL,0.0,340.0,660.9076984083788,9.0,9.0,14.781189486498478,14.781189486498478
SL,0.0,341.0,662.8515445801681,9.0,9.0,14.737842889763881,14.737842889763881
SL,0.0,342.0,664.7953907519575,9.0,9.0,14.694749781899073,14.694749781899073
SL,0.0,343.0,666.7392369237468,9.0,9.0,14.651907945800243,14.651907945800243
SL,0.0,344.0,668.6830830955362,9.0,9.0,14.609315190143848,14.609315190143848
SL,0.0,345.0,670.6269292673255,9.0,9.0,14.566969349012993,14.566969349012993
SL,0.0,346.0,672.5707754391149,9.0,9.0,14.524868281530296,14.524868281530296
SL,0.0,347.0,674.5146216109042,9.0,9.0,14.48300987149707,14.48300987149707
SL,0.0,348.0,676.4584677826936,9.0,9.0,14.441392027038745,14.441392027038745
SL,0.0,349.0,678.4023139544829,9.0,9.0,14.400012680256397,14.400012680256397
SL,0.0,350.0,680.3461601262723,9.0,9.0,14.358869786884238,14.358869786884238
SL,0.0,351.0,682.2900062980616,9.0,9.0,14.317961325952943,14.317961325952943
SL,0.0,352.0,684.233852469851,9.0,9.0,14.27728529945876,14.27728529945876
SL,0.0,353.0,686.1776986416403,9.0,9.0,14.236839732038195,14.236839732038195
SL,0.0,354.0,688.1215448134296,9.0,9.0,14.196622670648257,14.196622670648257
SL,0.0,355.0,690.065390985219,9.0,9.0,14.156632184252064,14.156632184252064
SL,0.0,356.0,692.0092371570083,9.0,9.0,14.116866363509784,14.116866363509784
SL,0.0,357.0,693.9530833287977,9.0,9.0,14.077323320474742,14.077323320474742
SL,0.0,358.0,695.896929500587,9.0,9.0,14.038001188294643,14.038001188294643
SL,0.0,359.0,697.8407756723764,9.0,9.0,13.99889812091778,13.99889812091778
SL,0.0,360.0,699.7846218441657,9.0,9.0,13.96001229280412,13.96001229280412
SL,0.0,361.0,701.7284680159551,9.0,9.0,13.921341898641227,13.921341898641227
SL,0.0,362.0,703.6723141877444,9.0,9.0,13.882885153064871,13.882885153064871
SL,0.0,363.0,705.6161603595338,9.0,9.0,13.84464029038425,13.84464029038425
SL,0.0,364.0,707.5600065313231,9.0,9.0,13.806605564311766,13.806605564311766
SL,0.0,365.0,709.5038527031124,9.0,9.0,13.768779247697214,13.768779247697214
SL,0.0,366.0,711.4476988749018,9.0,9.0,13.731159632266346,13.731159632266346
SL,0.0,367.0,713.3915450466911,9.0,9.0,13.693745028363715,13.693745028363715
SL,0.0,368.0,715.3353912184805,9.0,9.0,13.656533764699681,13.656533764699681
SL,0.0,369.0,717.2792373902698,9.0,9.0,13.61952418810158,13.61952418810158
SL,0.0,370.0,719.2230835620592,9.0,9.0,13.582714663268872,13.582714663268872
SL,0.0,371.0,721.1669297338485,9.0,9.0,13.546103572532298,13.546103572532298
SL,0.0,372.0,723.1107759056379,9.0,9.0,13.509689315616889,13.509689315616889
SL,0.0,373.0,725.0546220774272,9.0,9.0,13.473470309408802,13.473470309408802
SL,0.0,374.0,726.9984682492166,9.0,9.0,13.437444987725891,13.437444987725891
SL,0.0,375.0,728.942314421006,9.0,9.0,13.401611801091954,13.401611801091954
SL,0.0,376.0,730.8861605927954,9.0,9.0,13.365969216514582,13.365969216514582
SL,0.0,377.0,732.8300067645847,9.0,9.0,13.330515717266533,13.330515717266533
SL,0.0,378.0,734.773852936374,9.0,9.0,13.29524980267059,13.29524980267059
SL,0.0,379.0,736.7176991081634,9.0,9.0,13.260169987887817,13.260169987887817
SL,0.0,380.0,738.6615452799527,9.0,9.0,13.225274803709164,13.225274803709164
SL,0.0,381.0,740.6053914517421,9.0,9.0,13.19056279635035,13.19056279635035
SL,0.0,382.0,742.5492376235314,9.0,9.0,13.156032527249955,13.156032527249955
SL,0.0,383.0,744.4930837953208,9.0,9.0,13.121682572870712,13.121682572870712
SL,0.0,384.0,746.4369299671101,9.0,9.0,13.087511524503862,13.087511524503862
SL,0.0,385.0,748.3807761388995,9.0,9.0,13.053517988076578,13.053517988076578
SL,0.0,386.0,750.3246223106888,9.0,9.0,13.019700583962392,13.019700583962392
SL,0.0,387.0,752.2684684824782,9.0,9.0,12.98605794679453,12.98605794679453
SL,0.0,388.0,754.2123146542675,9.0,9.0,12.952588725282173,12.952588725282173
SL,0.0,389.0,756.1561608260569,9.0,9.0,12.919291582029519,12.919291582029519
SL,0.0,390.0,758.1000069978462,9.0,9.0,12.886165193357648,12.886165193357648
SL,0.0,391.0,760.0438531696356,9.0,9.0,12.853208249129112,12.853208249129112
SL,0.0,392.0,761.9876993414249,9.0,9.0,12.82041945257521,12.82041945257521
SL,0.0,393.0,763.9315455132142,9.0,9.0,12.78779752012591,12.78779752012591
SL,0.0,394.0,765.8753916850036,9.0,9.0,12.755341181242342,12.755341181242342
SL,0.0,395.0,767.8192378567929,9.0,9.0,12.723049178251856,12.723049178251856
SL,0.0,396.0,769.7630840285823,9.0,9.0,12.690920266185563,12.690920266185563
SL,0.0,397.0,771.7069302003716,9.0,9.0,12.658953212618345,12.658953212618345
SL,0.0,398.0,773.650776372161,9.0,9.0,12.627146797511264,12.627146797511264
SL,0.0,399.0,775.5946225439503,9.0,9.0,12.595499813056348,12.595499813056348
SL,0.0,400.0,777.5384687157397,9.0,9.0,12.564011063523708,12.564011063523708
"15,000 ft",4572.0,80.0,155.50769374314794,1.2060184914988439,1.2060184914988439,4.734902021825574,4.734902021825574
"15,000 ft",4572.0,81.0,157.45153991493729,1.2363573941756114,1.2363573941756114,5.043284761145002,5.043284761145002
"15,000 ft",4572.0,82.0,159.39538608672663,1.2670731776309725,1.2670731776309725,5.331843110279324,5.331843110279324
"15,000 ft",4572.0,83.0,161.33923225851598,1.2981658418649273,1.2981658418649273,5.603828591069537,5.603828591069537
"15,000 ft",4572.0,84.0,163.28307843030532,1.329635386877475,1.329635386877475,5.86171788977246,5.86171788977246
"15,000 ft",4572.0,85.0,165.2269246020947,1.3614818126686163,1.3614818126686163,6.107449864037437,6.107449864037437
"15,000 ft",4572.0,86.0,167.17077077388404,1.3937051192383512,1.3937051192383512,6.3425764686646104,6.3425764686646104
"15,000 ft",4572.0,87.0,169.1146169456734,1.4263053065866793,1.4263053065866793,6.56836304140283,6.56836304140283
"15,000 ft",4572.0,88.0,171.05846311746274,1.4592823747136008,1.4592823747136008,6.785857324249712,6.785857324249712
"15,000 ft",4572.0,89.0,173.00230928925208,1.4926363236191156,1.4926363236191156,6.9959383924636604,6.9959383924636604
"15,000 ft",4572.0,90.0,174.94615546104143,1.526367153303224,1.526367153303224,7.199352226165505,7.199352226165505
"15,000 ft",4572.0,91.0,176.89000163283077,1.5604748637659254,1.5604748637659254,7.396738140395075,7.396738140395075
"15,000 ft",4572.0,92.0,178.83384780462012,1.5949594550072208,1.5949594550072208,7.588648799516149,7.588648799516149
"15,000 ft",4572.0,93.0,180.77769397640947,1.6298209270271091,1.6298209270271091,7.775565628798376,7.775565628798376
"15,000 ft",4572.0,94.0,182.72154014819884,1.665059279825591,1.665059279825591,7.957910858939916,7.957910858939916
"15,000 ft",4572.0,95.0,184.6653863199882,1.700674513402666,1.700674513402666,8.13605706454867,8.13605706454867
"15,000 ft",4572.0,96.0,186.60923249177753,1.736666627758335,1.736666627758335,8.31033480830983,8.31033480830983
"15,000 ft",4572.0,97.0,188.55307866356688,1.773035622892597,1.773035622892597,8.48103883312738,8.48103883312738
"15,000 ft",4572.0,98.0,190.49692483535623,1.809781498805452,1.809781498805452,8.648433127111561,8.648433127111561
"15,000 ft",4572.0,99.0,192.44077100714557,1.846904255496901,1.846904255496901,8.812755103484365,8.812755103484365
"15,000 ft",4572.0,100.0,194.38461717893492,1.8844038929669433,1.8844038929669433,8.97421907815049,8.97421907815049
"15,000 ft",4572.0,101.0,196.32846335072426,1.922280411215579,1.922280411215579,9.133019184555204,9.133019184555204
"15,000 ft",4572.0,102.0,198.2723095225136,1.9605338102428076,1.9605338102428076,9.289331833680329,9.289331833680329
"15,000 ft",4572.0,103.0,200.21615569430298,1.99916409004863,1.99916409004863,9.443317803337123,9.443317803337123
"15,000 ft",4572.0,104.0,202.16000186609233,2.038171250633046,2.038171250633046,9.595124023045381,9.595124023045381
"15,000 ft",4572.0,105.0,204.10384803788168,2.0775552919960547,2.0775552919960547,9.744885107168907,9.744885107168907
"15,000 ft",4572.0,106.0,206.04769420967102,2.1173162141376576,2.1173162141376576,9.89272467849633,9.89272467849633
"15,000 ft",4572.0,107.0,207.99154038146037,2.1574540170578533,2.1574540170578533,10.038756516316546,10.038756516316546
"15,000 ft",4572.0,108.0,209.9353865532497,2.1979687007566424,2.1979687007566424,10.183085556663306,10.183085556663306
"15,000 ft",4572.0,109.0,211.87923272503906,2.238860265234025,2.238860265234025,10.325808767371226,10.325808767371226
"15,000 ft",4572.0,110.0,213.8230788968284,2.2801287104900014,2.2801287104900014,10.467015916583499,10.467015916583499
"15,000 ft",4572.0,111.0,215.76692506861775,2.3217740365245705,2.3217740365245705,10.606790250146604,10.606790250146604
"15,000 ft",4572.0,112.0,217.71077124040713,2.3637962433377333,2.3637962433377333,10.745209090743812,10.745209090743812
"15,000 ft",4572.0,113.0,219.65461741219647,2.40619533092949,2.40619533092949,10.882344369523745,10.882344369523745
"15,000 ft",4572.0,114.0,221.59846358398582,2.4489712992998394,2.4489712992998394,11.018263099270536,11.018263099270536
"15,000 ft",4572.0,115.0,223.54230975577516,2.4921241484487826,2.4921241484487826,11.15302779675969,11.15302779675969
"15,000 ft",4572.0,116.0,225.4861559275645,2.5356538783763187,2.5356538783763187,11.286696860786762,11.286696860786762
"15,000 ft",4572.0,117.0,227.43000209935386,2.5795604890824486,2.5795604890824486,11.419324911397613,11.419324911397613
"15,000 ft",4572.0,118.0,229.3738482711432,2.623843980567171,2.623843980567171,11.550963095050319,11.550963095050319
"15,000 ft",4572.0,119.0,231.31769444293255,2.6685043528304884,2.6685043528304884,11.681659359771315,11.681659359771315
"15,000 ft",4572.0,120.0,233.2615406147219,2.7135416058723982,2.7135416058723982,11.81145870380703,11.81145870380703
"15,000 ft",4572.0,121.0,235.20538678651127,2.7589557396929014,2.7589557396929014,11.940403400799507,11.940403400799507
"15,000 ft",4572.0,122.0,237.14923295830062,2.8047467542919984,2.8047467542919984,12.068533204113274,12.068533204113274
"15,000 ft",4572.0,123.0,239.09307913008996,2.850914649669688,2.850914649669688,12.195885532600593,12.195885532600593
"15,000 ft",4572.0,124.0,241.0369253018793,2.8974594258259723,2.8974594258259723,12.322495639801488,12.322495639801488
"15,000 ft",4572.0,125.0,242.98077147366865,2.9443810827608483,2.9443810827608483,12.448396768326317,12.448396768326317
"15,000 ft",4572.0,126.0,244.924617645458,2.991679620474319,2.991679620474319,12.573620290955335,12.573620290955335
"15,000 ft",4572.0,127.0,246.86846381724735,3.039355038966382,3.039355038966382,12.698195839805447,12.698195839805447
"15,000 ft",4572.0,128.0,248.8123099890367,3.0874073382370395,3.0874073382370395,12.822151424755965,12.822151424755965
"15,000 ft",4572.0,129.0,250.75615616082604,3.1358365182862906,3.1358365182862906,12.945513542186989,12.945513542186989
"15,000 ft",4572.0,130.0,252.7000023326154,3.1846425791141337,3.1846425791141337,13.068307274964857,13.068307274964857
"15,000 ft",4572.0,131.0,254.64384850440476,3.2338255207205706,3.2338255207205706,13.190556384504706,13.190556384504706
"15,000 ft",4572.0,132.0,256.5876946761941,3.2833853431056013,3.2833853431056013,13.312283395649198,13.312283395649198
"15,000 ft",4572.0,133.0,258.5315408479834,3.3333220462692257,3.3333220462692257,13.43350967502286,13.43350967502286
"15,000 ft",4572.0,134.0,260.4753870197728,3.383635630211443,3.383635630211443,13.554255503451552,13.554255503451552
"15,000 ft",4572.0,135.0,262.41923319156217,3.434326094932254,3.434326094932254,13.67454014297503,13.67454014297503
"15,000 ft",4572.0,136.0,264.3630793633515,3.485393440431658,3.485393440431658,13.794381898926362,13.794381898926362
"15,000 ft",4572.0,137.0,266.30692553514086,3.5368376667096557,3.5368376667096557,13.913798177504146,13.913798177504146
"15,000 ft",4572.0,138.0,268.2507717069302,3.5886587737662468,3.5886587737662468,14.032805539220906,14.032805539220906
"15,000 ft",4572.0,139.0,270.19461787871955,3.640856761601431,3.640856761601431,14.151419748573636,14.151419748573636
"15,000 ft",4572.0,140.0,272.1384640505089,3.693431630215209,3.693431630215209,14.269655820248838,14.269655820248838
"15,000 ft",4572.0,141.0,274.08231022229825,3.7463833796075794,3.7463833796075794,14.387528062144796,14.387528062144796
"15,000 ft",4572.0,142.0,276.0261563940876,3.7997120097785446,3.7997120097785446,14.50505011546719,14.50505011546719
"15,000 ft",4572.0,143.0,277.97000256587694,3.8534175207281023,3.8534175207281023,14.622234992130483,14.622234992130483
"15,000 ft",4572.0,144.0,279.9138487376663,3.9074999124562533,3.9074999124562533,14.739095109676253,14.739095109676253
"15,000 ft",4572.0,145.0,281.85769490945563,3.961959184962998,3.961959184962998,14.85564232390064,14.85564232390064
"15,000 ft",4572.0,146.0,283.801541081245,4.016795338248336,4.016795338248336,14.971887959365995,14.971887959365995
"15,000 ft",4572.0,147.0,285.7453872530343,4.0720083723122675,4.0720083723122675,15.087842837956373,15.087842837956373
"15,000 ft",4572.0,148.0,287.68923342482367,4.127598287154792,4.127598287154792,15.203517305622846,15.203517305622846
"15,000 ft",4572.0,149.0,289.633079596613,4.18356508277591,4.18356508277591,15.318921257451926,15.318921257451926
"15,000 ft",4572.0,150.0,291.57692576840236,4.239908759175622,4.222951506380613,15.434064161179283,15.368692853508888
"15,000 ft",4572.0,151.0,293.5207719401917,4.296629316353927,4.249190090500095,15.548955079260647,15.367388504597624
"15,000 ft",4572.0,152.0,295.4646181119811,4.353726754310826,4.2753896359991925,15.663602689602586,15.365916759305534
"15,000 ft",4572.0,153.0,297.40846428377046,4.411201073046318,4.3015498540750015,15.77801530504754,15.364280659563377
"15,000 ft",4572.0,154.0,299.3523104555598,4.469052272560402,4.327670455266048,15.892200891699764,15.362483143246386
"15,000 ft",4572.0,155.0,301.29615662734915,4.527280352853081,4.353751149445833,16.006167086172063,15.36052704828979
"15,000 ft",4572.0,156.0,303.2400027991385,4.5858853139243525,4.379791645816322,16.119921211826796,15.358415116613289
"15,000 ft",4572.0,157.0,305.18384897092784,4.644867155774218,4.405791652901384,16.23347029407904,15.356149997864593
"15,000 ft",4572.0,158.0,307.1276951427172,4.704225878402677,4.431750878540183,16.346821074824398,15.353734252991394
"15,000 ft",4572.0,159.0,309.07154131450653,4.763961481809729,4.457669029880507,16.459980026049404,15.351170357650957
"15,000 ft",4572.0,160.0,311.0153874862959,4.8240739659953755,4.483545813372059,16.57295336267784,15.348460705465515
"15,000 ft",4572.0,161.0,312.9592336580852,4.8845633309596135,4.5093809347596725,16.685747054702542,15.3456076111315
"15,000 ft",4572.0,162.0,314.90307982987457,4.945429576702446,4.535174099076497,16.798366838648523,15.342613313390165
"15,000 ft",4572.0,163.0,316.8469260016639,5.006672703223871,4.5609250106371055,16.910818228409777,15.339479977866452
"15,000 ft",4572.0,164.0,318.79077217345326,5.06829271052389,4.58663337303056,17.023106525499312,15.336209699782897
"15,000 ft",4572.0,165.0,320.7346183452426,5.130289598602503,4.612298889113414,17.13523682874887,15.332804506554822
"15,000 ft",4572.0,166.0,322.67846451703195,5.192663367459709,4.6379212610026554,17.24721404349238,15.32926636027262
"15,000 ft",4572.0,167.0,324.6223106888213,5.255414017095508,4.663500190068598,17.359042890264778,15.325597160076851
"15,000 ft",4572.0,168.0,326.56615686061065,5.3185415475099,4.689035376927712,17.47072791304545,15.32179874443135
"15,000 ft",4572.0,169.0,328.5100030324,5.382045958702886,4.71452652143538,17.582273487073884,15.31787289329927
"15,000 ft",4572.0,170.0,330.4538492041894,5.445927250674465,4.739973322678619,17.69368382626279,15.313821330226947
"15,000 ft",4572.0,171.0,332.39769537597874,5.510185423424639,4.7653754789687115,17.80496299023272,15.309645724339804
"15,000 ft",4572.0,172.0,334.3415415477681,5.574820476953405,4.790732687833798,17.916114890990123,15.305347692254708
"15,000 ft",4572.0,173.0,336.28538771955743,5.639832411260764,4.81604464601139,18.027143299269774,15.300928799912601
"15,000 ft",4572.0,174.0,338.2292338913468,5.705221226346717,4.841311049440826,18.13805185056075,15.296390564335342
"15,000 ft",4572.0,175.0,340.1730800631361,5.7709869222112635,4.866531593255665,18.248844050834094,15.291734455310138
"15,000 ft",4572.0,176.0,342.1169262349255,5.837129498854403,4.891705971776004,18.3595232819891,15.286961897005098
"15,000 ft",4572.0,177.0,344.0607724067148,5.903648956276137,4.916833878500738,18.470092807034042,15.282074269519041
"15,000 ft",4572.0,178.0,346.00461857850416,5.970545294476462,4.941915006099748,18.580555775016084,15.277072910368615
"15,000 ft",4572.0,179.0,347.9484647502935,6.037818513455383,4.966949046406024,18.690915225714402,15.271959115915589
"15,000 ft",4572.0,180.0,349.89231092208286,6.105468613212896,4.991935690407711,18.801174094109346,15.266734142737045
"15,000 ft",4572.0,181.0,351.8361570938722,6.173495593749003,5.016874628240091,18.911335214640026,15.261399208941107
"15,000 ft",4572.0,182.0,353.78000326566155,6.2418994550637015,5.041765549177492,19.021401325261614,15.255955495430587
"15,000 ft",4572.0,183.0,355.7238494374509,6.310680197156995,5.066608141625125,19.13137507131329,15.250404147116958
"15,000 ft",4572.0,184.0,357.66769560924024,6.379837820028883,5.091402093110848,19.241259009206715,15.244746274086793
"15,000 ft",4572.0,185.0,359.6115417810296,6.449372323679363,5.116147090276846,19.351055609944694,15.238982952722829
"15,000 ft",4572.0,186.0,361.55538795281893,6.5192837081084365,5.140842818871255,19.460767262478953,15.233115226781674
"15,000 ft",4572.0,187.0,363.4992341246083,6.589571973316104,5.1654889637396915,19.570396276915247,15.227144108429973
"15,000 ft",4572.0,188.0,365.4430802963977,6.660237119302364,5.190085208816715,19.67994488757392,15.2210705792409
"15,000 ft",4572.0,189.0,367.386926468187,6.731279146067218,5.214631237117205,19.789415255913234,15.214895591152699
"15,000 ft",4572.0,190.0,369.3307726399764,6.802698053610664,5.2391267307276665,19.89880947332246,15.208620067390893
"15,000 ft",4572.0,191.0,371.2746188117657,6.874493841932704,5.263571370797443,20.008129563791453,15.202244903355671
"15,000 ft",4572.0,192.0,373.21846498355507,6.94666651103334,5.287964837529867,20.117377486462793,15.195770967476076
"15,000 ft",4572.0,193.0,375.1623111553444,7.019216060912567,5.3123068101732995,20.226555138072445,15.189199102032147
"15,000 ft",4572.0,194.0,377.10615732713376,7.092142491570388,5.336596967012119,20.335664355284507,15.182530123946707
"15,000 ft",4572.0,195.0,379.0500034989231,7.1654458030068024,5.360834985357592,20.444706916925213,15.175764825547706
"15,000 ft",4572.0,196.0,380.99384967071245,7.239125995221808,5.385020541538684,20.553684546121143,15.168903975302634
"15,000 ft",4572.0,197.0,382.9376958425018,7.31318306821541,5.409153310892768,20.662598912346407,15.161948318525974
"15,000 ft",4572.0,198.0,384.88154201429114,7.387617021987604,5.433232967756249,20.771451633382977,15.154898578060934
"15,000 ft",4572.0,199.0,386.8253881860805,7.462427856538392,5.457259185455098,20.880244277198695,15.147755454936389
"15,000 ft",4572.0,200.0,388.76923435786983,7.537615571867773,5.481231636295291,20.988978363746543,15.14051962900013
"15,000 ft",4572.0,201.0,390.7130805296592,7.613180167975747,5.5051499915531705,21.097655366689175,15.133191759529378
"15,000 ft",4572.0,202.0,392.6569267014485,7.689121644862316,5.529013921465686,21.206276715052095,15.12577248581942
"15,000 ft",4572.0,203.0,394.6007728732379,7.765440002527478,5.552823095220569,21.314843794808894,15.118262427751274
"15,000 ft",4572.0,204.0,396.5446190450272,7.84213524097123,5.576577180946392,21.423357950401677,15.11066218633926
"15,000 ft",4572.0,205.0,398.48846521681656,7.919207360193579,5.600275845702539,21.531820486199766,15.1029723442592
"15,000 ft",4572.0,206.0,400.43231138860597,7.99665636019452,5.623918755469069,21.640232667899397,15.095193466358044
"15,000 ft",4572.0,207.0,402.3761575603953,8.074482240974055,5.647505575136491,21.748595723867247,15.087326100145676
"15,000 ft",4572.0,208.0,404.32000373218466,8.152685002532184,5.6710359684954295,21.856910846430246,15.079370776269558
"15,000 ft",4572.0,209.0,406.263849903974,8.231264644868904,5.694509598226176,21.965179193114157,15.071328008972861
"15,000 ft",4572.0,210.0,408.20769607576335,8.310221167984219,5.717926125888166,22.073401887833292,15.063198296536802
"15,000 ft",4572.0,211.0,410.1515422475527,8.389554571878126,5.741285211909318,22.18158002203336,15.05498212170771
"15,000 ft",4572.0,212.0,412.09538841934204,8.46926485655063,5.7645865155752825,22.289714655789776,15.046679952109413
"15,000 ft",4572.0,213.0,414.0392345911314,8.549352022001726,5.787829695018575,22.397806818863216,15.038292240641548
"15,000 ft",4572.0,214.0,415.98308076292074,8.629816068231413,5.811014407207602,22.505857511714407,15.029819425864323
"15,000 ft",4572.0,215.0,417.9269269347101,8.710656995239695,5.83414030793558,22.61386770647988,15.021261932370155
"15,000 ft",4572.0,216.0,419.8707731064994,8.79187480302657,5.857207051809321,22.7218383479104,15.0126201711428
"15,000 ft",4572.0,217.0,421.8146192782888,8.873469491592038,5.880214292237925,22.82977035427373,15.003894539904321
"15,000 ft",4572.0,218.0,423.7584654500781,8.9554410609361,5.903161681421342,22.937664618223195,14.995085423450462
"15,000 ft",4572.0,219.0,425.70231162186747,9.0,5.92604887033882,22.94796541282869,14.986193193974703
"15,000 ft",4572.0,220.0,427.6461577936568,9.0,5.948875508737234,22.84365647913401,14.977218211381619
"15,000 ft",4572.0,221.0,429.59000396544616,9.0,5.971641245119282,22.74029151768997,14.968160823589672
"15,000 ft",4572.0,222.0,431.5338501372355,9.0,5.994345726731576,22.63785777211479,14.959021366824079
"15,000 ft",4572.0,223.0,433.4776963090249,9.0,6.016988599552585,22.536342714840732,14.949800165899894
"15,000 ft",4572.0,224.0,435.42154248081425,9.0,6.039569508280474,22.43573404200662,14.940497534495849
"15,000 ft",4572.0,225.0,437.3653886526036,9.0,6.06208809632079,22.336019668486593,14.931113775419083
"15,000 ft",4572.0,226.0,439.30923482439295,9.0,6.084544005774035,22.23718772305081,14.92164918086127
"15,000 ft",4572.0,227.0,441.2530809961823,9.0,6.10693687742309,22.13922654365411,14.912104032646276
"15,000 ft",4572.0,228.0,443.19692716797164,9.0,6.129266350720527,22.042124672848608,14.90247860246985
"15,000 ft",4572.0,229.0,445.140773339761,9.0,6.151532063775751,21.94587085331652,14.892773152131369
"15,000 ft",4572.0,230.0,447.08461951155033,9.0,6.173733653342039,21.85045402351949,14.882987933758137
"15,000 ft",4572.0,231.0,449.0284656833397,9.0,6.1958707548033995,21.755863313460964,14.873123190022374
"15,000 ft",4572.0,232.0,450.972311855129,9.0,6.21794300216133,21.662088040558114,14.863179154351188
"15,000 ft",4572.0,233.0,452.91615802691837,9.0,6.239950028021392,21.5691177056201,14.853156051129739
"15,000 ft",4572.0,234.0,454.8600041987077,9.0,6.261891463579661,21.47694198892941,14.843054095897863
"15,000 ft",4572.0,235.0,456.80385037049706,9.0,6.283766938609021,21.38555074642333,14.832873495540344
"15,000 ft",4572.0,236.0,458.7476965422864,9.0,6.305576081445296,21.294934005972383,14.82261444847106
"15,000 ft",4572.0,237.0,460.69154271407575,9.0,6.327318518973254,21.20508196375309,14.812277144811224
"15,000 ft",4572.0,238.0,462.6353888858651,9.0,6.348993876612423,21.115984980712113,14.801861766561867
"15,000 ft",4572.0,239.0,464.57923505765444,9.0,6.370601778302767,21.027633579119176,14.791368487770814
"15,000 ft",4572.0,240.0,466.5230812294438,9.0,6.392141846490202,20.94001843920618,14.780797474694287
"15,000 ft",4572.0,241.0,468.4669274012332,9.0,6.413613702111932,20.853130395889973,14.770148885953297
"15,000 ft",4572.0,242.0,470.41077357302254,9.0,6.435016964581638,20.766960435576376,14.75942287268509
"15,000 ft",4572.0,243.0,472.3546197448119,9.0,6.456351251774486,20.68149969304314,14.748619578689663
"15,000 ft",4572.0,244.0,474.29846591660123,9.0,6.47761618001197,20.59673944839952,14.737739140571637
"15,000 ft",4572.0,245.0,476.2423120883906,9.0,6.498811364046572,20.512671124120338,14.726781687877521
"15,000 ft",4572.0,246.0,478.1861582601799,9.0,6.51993641704626,20.429286282152372,14.715747343228632
"15,000 ft",4572.0,247.0,480.13000443196927,9.0,6.540990950578795,20.34657662109102,14.70463622244969
"15,000 ft",4572.0,248.0,482.0738506037586,9.0,6.561974574595857,20.264533973425333,14.693448434693314
"15,000 ft",4572.0,249.0,484.01769677554796,9.0,6.582886897416994,20.18315030284933,14.682184082560466
"15,000 ft",4572.0,250.0,485.9615429473373,9.0,6.603727525713378,20.102417701637933,14.670843262217078
"15,000 ft",4572.0,251.0,487.90538911912665,9.0,6.624496064491366,20.022328388085587,14.659426063506805
"15,000 ft",4572.0,252.0,489.849235290916,9.0,6.645192117075874,19.942874704005884,14.647932570060219
"15,000 ft",4572.0,253.0,491.79308146270535,9.0,6.665815285093561,19.86404911229045,14.636362859400435
"15,000 ft",4572.0,254.0,493.7369276344947,9.0,6.686365168455791,19.785844194525524,14.624717003045232
"15,000 ft",4572.0,255.0,495.68077380628404,9.0,6.706841365341421,19.708252648664637,14.612995066605938
"15,000 ft",4572.0,256.0,497.6246199780734,9.0,6.72724347217936,19.631267286755794,14.601197109882989
"15,000 ft",4572.0,257.0,499.56846614986273,9.0,6.74757108363093,19.554881032721724,14.58932318695838
"15,000 ft",4572.0,258.0,501.5123123216521,9.0,6.767823792572013,19.479086920191794,14.577373346285066
"15,000 ft",4572.0,259.0,503.4561584934415,9.0,6.788001190074983,19.403878090384104,14.565347630773376
"15,000 ft",4572.0,260.0,505.4000046652308,9.0,6.8081028653904205,19.329247790036472,14.553246077874567
"15,000 ft",4572.0,261.0,507.34385083702017,9.0,6.828128405928592,19.25518936938499,14.541068719661517
"15,000 ft",4572.0,262.0,509.2876970088095,9.0,6.848077397240725,19.181696280188866,14.528815582906788
"15,000 ft",4572.0,263.0,511.23154318059886,9.0,6.867949423000035,19.108762073800317,14.516486689157944
"15,000 ft",4572.0,264.0,513.1753893523882,9.0,6.887744064982525,19.036380399278343,14.50408205481036
"15,000 ft",4572.0,265.0,515.1192355241775,9.0,6.907460903047552,18.96454500154522,14.491601691177488
"15,000 ft",4572.0,266.0,517.0630816959668,9.0,6.927099515118154,18.893249719584524,14.479045604558706
"15,000 ft",4572.0,267.0,519.0069278677562,9.0,6.9466594771611065,18.822488484679713,14.466413796304744
"15,000 ft",4572.0,268.0,520.9507740395456,9.0,6.966140363166779,18.7522553186921,14.453706262880884
"15,000 ft",4572.0,269.0,522.894620211335,9.0,6.9855417451286925,18.682544332377258,14.44092299592782
"15,000 ft",4572.0,270.0,524.8384663831243,9.0,7.004863193022843,18.613349723738825,14.428063982320369
"15,000 ft",4572.0,271.0,526.7823125549137,9.0,7.024104274786757,18.544665776418753,14.415129204224028
"15,000 ft",4572.0,272.0,528.726158726703,9.0,7.043264556298292,18.4764868581231,14.402118639149483
"15,000 ft",4572.0,273.0,530.6700048984924,9.0,7.062343601354144,18.408807419082354,14.389032260005006
"15,000 ft",4572.0,274.0,532.6138510702817,9.0,7.081340971648114,18.34162199054556,14.375870035146963
"15,000 ft",4572.0,275.0,534.5576972420711,9.0,7.1002562267490585,18.27492518330721,14.3626319284283
"15,000 ft",4572.0,276.0,536.5015434138604,9.0,7.119088924078591,18.20871168626624,14.349317899245207
"15,000 ft",4572.0,277.0,538.4453895856498,9.0,7.137838618888477,18.142976265016184,14.335927902581913
"15,000 ft",4572.0,278.0,540.3892357574391,9.0,7.156504864237723,18.077713760465766,14.322461889053653
"15,000 ft",4572.0,279.0,542.3330819292285,9.0,7.175087210969412,18.012919087489188,14.308919804947928
"15,000 ft",4572.0,280.0,544.2769281010178,9.0,7.1935852076871845,17.948587233605295,14.295301592263991
"15,000 ft",4572.0,281.0,546.2207742728071,9.0,7.211998400731446,17.884713257684993,14.281607188750694
"15,000 ft",4572.0,282.0,548.1646204445965,9.0,7.230326334155246,17.82129228868611,14.267836527942652
"15,000 ft",4572.0,283.0,550.1084666163858,9.0,7.2485685496998515,17.758319524415136,14.253989539194833
"15,000 ft",4572.0,284.0,552.0523127881752,9.0,7.266724586769975,17.69579023031508,14.240066147715533
"15,000 ft",4572.0,285.0,553.9961589599645,9.0,7.284793982408698,17.63369973827889,14.226066274597846
"15,000 ft",4572.0,286.0,555.9400051317539,9.0,7.302776271272048,17.572043445487704,14.211989836849597
"15,000 ft",4572.0,287.0,557.8838513035432,9.0,7.320670985603221,17.510816813273458,14.197836747421768
"15,000 ft",4572.0,288.0,559.8276974753326,9.0,7.338477655206493,17.45001536600515,14.183606915235556
"15,000 ft",4572.0,289.0,561.7715436471219,9.0,7.356195807420742,17.38963468999821,14.169300245207918
"15,000 ft",4572.0,290.0,563.7153898189113,9.0,7.373824967092632,17.32967043244649,14.154916638275726
"15,000 ft",4572.0,291.0,565.6592359907006,9.0,7.391364656549424,17.270118300376232,14.140455991418614
"15,000 ft",4572.0,292.0,567.60308216249,9.0,7.408814395571426,17.210974059621517,14.125918197680406
"15,000 ft",4572.0,293.0,569.5469283342793,9.0,7.426173701364052,17.15223353382076,14.11130314618926
"15,000 ft",4572.0,294.0,571.4907745060686,9.0,7.443442088529503,17.093892603433616,14.096610722176472
"15,000 ft",4572.0,295.0,573.434620677858,9.0,7.460619069038059,17.03594720477791,14.08184080699403
"15,000 ft",4572.0,296.0,575.3784668496473,9.0,7.477704152198975,16.97839332908609,14.06699327813092
"15,000 ft",4572.0,297.0,577.3223130214367,9.0,7.494696844630956,16.921227021580748,14.052068009228108
"15,000 ft",4572.0,298.0,579.266159193226,9.0,7.511596650232243,16.864444380568735,14.037064870092413
"15,000 ft",4572.0,299.0,581.2100053650154,9.0,7.528403070150264,16.808041556553455,14.02198372670909
"15,000 ft",4572.0,300.0,583.1538515368047,9.0,7.545115602750862,16.752014751364943,14.00682444125325
"15,000 ft",4572.0,301.0,585.0976977085941,9.0,7.561733743587084,16.69636021730725,13.99158687210012
"15,000 ft",4572.0,302.0,587.0415438803834,9.0,7.578256985367542,16.64107425632279,13.976270873834133
"15,000 ft",4572.0,303.0,588.9853900521728,9.0,7.5946848179243025,16.58615321917321,13.960876297256869
"15,000 ft",4572.0,304.0,590.9292362239622,9.0,7.611016728180333,16.531593504636454,13.945402989393871
"15,000 ft",4572.0,305.0,592.8730823957516,9.0,7.627252200116477,16.477391558719617,13.929850793500375
"15,000 ft",4572.0,306.0,594.8169285675409,9.0,7.643390714737949,16.423543873887198,13.914219549065875
"15,000 ft",4572.0,307.0,596.7607747393303,9.0,7.659431750040356,16.3700469883045,13.898509091817651
"15,000 ft",4572.0,308.0,598.7046209111196,9.0,7.675374780975206,16.316897485095723,13.882719253723183
"15,000 ft",4572.0,309.0,600.648467082909,9.0,7.691219279414938,16.26409199161645,13.866849862991492
"15,000 ft",4572.0,310.0,602.5923132546983,9.0,7.706964714117432,16.211627178740265,13.850900744073476
"15,000 ft",4572.0,311.0,604.5361594264876,9.0,7.722610550689976,16.159499760159107,13.834871717661075
"15,000 ft",4572.0,312.0,606.480005598277,9.0,7.7381562515527404,16.10770649169706,13.818762600685508
"15,000 ft",4572.0,313.0,608.4238517700663,9.0,7.753601275901693,16.056244170637328,13.802573206314428
"15,000 ft",4572.0,314.0,610.3676979418557,9.0,7.768945079670942,16.00510963506205,13.786303343947985
"15,000 ft",4572.0,315.0,612.311544113645,9.0,7.784187115494561,15.954299763204707,13.769952819213984
"15,000 ft",4572.0,316.0,614.2553902854344,9.0,7.799326832667803,15.903811472814818,13.753521433961906
"15,000 ft",4572.0,317.0,616.1992364572237,9.0,7.81436367710776,15.853641720534647,13.737008986255985
"15,000 ft",4572.0,318.0,618.1430826290131,9.0,7.8292970913134114,15.803787501287681,13.720415270367257
"15,000 ft",4572.0,319.0,620.0869288008024,9.0,7.844126514325067,15.754245847678629,13.703740076764564
"15,000 ft",4572.0,320.0,622.0307749725918,9.0,7.858851381683211,15.705013829404633,13.686983192104618
"15,000 ft",4572.0,321.0,623.9746211443811,9.0,7.873471125386688,15.656088552677517,13.670144399220991
"15,000 ft",4572.0,322.0,625.9184673161704,9.0,7.887985173850286,15.60746715965678,13.65322347711218
"15,000 ft",4572.0,323.0,627.8623134879598,9.0,7.9023929518616205,15.559146827893136,13.636220200928586
"15,000 ft",4572.0,324.0,629.8061596597491,9.0,7.916693880537407,15.511124769782354,13.619134341958594
"15,000 ft",4572.0,325.0,631.7500058315385,9.0,7.930887377278994,15.463398232029176,13.601965667613534
"15,000 ft",4572.0,326.0,633.6938520033278,9.0,7.944972855727256,15.415964495121113,13.584713941411769
"15,000 ft",4572.0,327.0,635.6376981751172,9.0,7.958949725716746,15.368820872811876,13.567378922961668
"15,000 ft",4572.0,328.0,637.5815443469065,9.0,7.972817393229153,15.321964711614276,13.549960367943672
"15,000 ft",4572.0,329.0,639.5253905186959,9.0,7.986575260346001,15.275393390302382,13.532458028091279
"15,000 ft",4572.0,330.0,641.4692366904852,9.0,8.000222725200622,15.229104319422675,13.51487165117107
"15,000 ft",4572.0,331.0,643.4130828622746,9.0,8.013759181929345,15.183094940814149,13.497200980961706
"15,000 ft",4572.0,332.0,645.3569290340639,9.0,8.027184020621927,15.137362727136997,13.479445757231915
"15,000 ft",4572.0,333.0,647.3007752058533,9.0,8.040496627271168,15.091905181409858,13.46160571571744
"15,000 ft",4572.0,334.0,649.2446213776426,9.0,8.053696383721727,15.046719836555338,13.443680588096997
"15,000 ft",4572.0,335.0,651.188467549432,9.0,8.066782667618112,15.001804254953681,13.425670101967178
"15,000 ft",4572.0,336.0,653.1323137212213,9.0,8.079754852351826,14.957156028004414,13.407573980816329
"15,000 ft",4572.0,337.0,655.0761598930106,9.0,8.092612307007636,14.912772775695794,13.389391943997364
"15,000 ft",4572.0,338.0,657.0200060648,9.0,8.105354396308991,14.868652146181901,13.371123706699578
"15,000 ft",4572.0,339.0,658.9638522365894,9.0,8.117980480562514,14.824791815367206,13.352768979919325
"15,000 ft",4572.0,340.0,660.9076984083788,9.0,8.130489915601592,14.781189486498478,13.334327470429699
"15,000 ft",4572.0,341.0,662.8515445801681,9.0,8.142882052729043,14.737842889763881,13.315798880749112
"15,000 ft",4572.0,342.0,664.7953907519575,9.0,8.155156238658801,14.694749781899073,13.29718290910877
"15,000 ft",4572.0,343.0,666.7392369237468,9.0,8.167311815456655,14.651907945800243,13.278479249419084
"15,000 ft",4572.0,344.0,668.6830830955362,9.0,8.179348120479968,14.609315190143848,13.259687591234949
"15,000 ft",4572.0,345.0,670.6269292673255,9.0,8.191264486316404,14.566969349012993,13.240807619719913
"15,000 ft",4572.0,346.0,672.5707754391149,9.0,8.203060240721594,14.524868281530296,13.221839015609211
"15,000 ft",4572.0,347.0,674.5146216109042,9.0,8.214734706555761,14.48300987149707,13.202781455171655
"15,000 ft",4572.0,348.0,676.4584677826936,9.0,8.226287201719272,14.441392027038745,13.183634610170404
"15,000 ft",4572.0,349.0,678.4023139544829,9.0,8.237717039087034,14.400012680256397,13.164398147822473
"15,000 ft",4572.0,350.0,680.3461601262723,9.0,8.24902352644183,14.358869786884238,13.145071730757138
"15,000 ft",4572.0,351.0,682.2900062980616,9.0,8.260205966406453,14.317961325952943,13.125655016973113
"15,000 ft",4572.0,352.0,684.233852469851,9.0,8.271263656374684,14.27728529945876,13.106147659794507
"15,000 ft",4572.0,353.0,686.1776986416403,9.0,8.282195888441047,14.236839732038195,13.086549307825516
"15,000 ft",4572.0,354.0,688.1215448134296,9.0,8.293001949329359,14.196622670648257,13.066859604903923
"15,000 ft",4572.0,355.0,690.065390985219,9.0,8.303681120320002,14.156632184252064,13.047078190053284
"15,000 ft",4572.0,356.0,692.0092371570083,9.0,8.314232677175912,14.116866363509784,13.027204697433806
"15,000 ft",4572.0,357.0,693.9530833287977,9.0,8.324655890067271,14.077323320474742,13.007238756291981
"15,000 ft",4572.0,358.0,695.896929500587,9.0,8.33495002349483,14.038001188294643,12.987179990908821
"15,000 ft",4572.0,359.0,697.8407756723764,9.0,8.345114336211877,13.99889812091778,12.967028020546751
"15,000 ft",4572.0,360.0,699.7846218441657,9.0,8.355148081144803,13.96001229280412,12.94678245939519
"15,000 ft",4572.0,361.0,701.7284680159551,9.0,8.365050505312215,13.921341898641227,12.926442916514636
"15,000 ft",4572.0,362.0,703.6723141877444,9.0,8.374820849742596,13.882885153064871,12.906008995779406
"15,000 ft",4572.0,363.0,705.6161603595338,9.0,8.384458349390458,13.84464029038425,12.885480295818876
"15,000 ft",4572.0,364.0,707.5600065313231,9.0,8.393962233050958,13.806605564311766,12.864856409957289
"15,000 ft",4572.0,365.0,709.5038527031124,9.0,8.403331723272958,13.768779247697214,12.844136926152045
"15,000 ft",4572.0,366.0,711.4476988749018,9.0,8.412566036270434,13.731159632266346,12.823321426930427
"15,000 ft",4572.0,367.0,713.3915450466911,9.0,8.421664381832306,13.693745028363715,12.802409489324868
"15,000 ft",4572.0,368.0,715.3353912184805,9.0,8.430625963230518,13.656533764699681,12.781400684806487
"15,000 ft",4572.0,369.0,717.2792373902698,9.0,8.439449977126458,13.61952418810158,12.760294579217168
"15,000 ft",4572.0,370.0,719.2230835620592,9.0,8.44813561347555,13.582714663268872,12.739090732699845
"15,000 ft",4572.0,371.0,721.1669297338485,9.0,8.456682055430115,13.546103572532298,12.717788699627224
"15,000 ft",4572.0,372.0,723.1107759056379,9.0,8.465088479240304,13.509689315616889,12.696388028528668
"15,000 ft",4572.0,373.0,725.0546220774272,9.0,8.473354054153228,13.473470309408802,12.674888262015488
"15,000 ft",4572.0,374.0,726.9984682492166,9.0,8.48147794231007,13.437444987725891,12.653288936704259
"15,000 ft",4572.0,375.0,728.942314421006,9.0,8.48945929864127,13.401611801091954,12.631589583138481
"15,000 ft",4572.0,376.0,730.8861605927954,9.0,8.49729727075965,13.365969216514582,12.609789725708257
"15,000 ft",4572.0,377.0,732.8300067645847,9.0,8.504990998851488,13.330515717266533,12.587888882568132
"15,000 ft",4572.0,378.0,734.773852936374,9.0,8.512539615565421,13.29524980267059,12.56588656555296
"15,000 ft",4572.0,379.0,736.7176991081634,9.0,8.519942245899209,13.260169987887817,12.543782280091797
"15,000 ft",4572.0,380.0,738.6615452799527,9.0,8.527198007084229,13.225274803709164,12.521575525119726
"15,000 ft",4572.0,381.0,740.6053914517421,9.0,8.5343060084677,13.19056279635035,12.499265792987654
"15,000 ft",4572.0,382.0,742.5492376235314,9.0,8.541265351392553,13.156032527249955,12.47685256936995
"15,000 ft",4572.0,383.0,744.4930837953208,9.0,8.54807512907489,13.121682572870712,12.454335333169912
"15,000 ft",4572.0,384.0,746.4369299671101,9.0,8.55473442647898,13.087511524503862,12.431713556423016
"15,000 ft",4572.0,385.0,748.3807761388995,9.0,8.561242320189729,13.053517988076578,12.40898670419787
"15,000 ft",4572.0,386.0,750.3246223106888,9.0,8.567597878282559,13.019700583962392,12.386154234494883
"15,000 ft",4572.0,387.0,752.2684684824782,9.0,8.573800160190618,12.98605794679453,12.363215598142471
"15,000 ft",4572.0,388.0,754.2123146542675,9.0,8.579848216569273,12.952588725282173,12.340170238690884
"15,000 ft",4572.0,389.0,756.1561608260569,9.0,8.585741089157803,12.919291582029519,12.317017592303506
"15,000 ft",4572.0,390.0,758.1000069978462,9.0,8.591477810638231,12.886165193357648,12.293757087645583
"15,000 ft",4572.0,391.0,760.0438531696356,9.0,8.597057404491204,12.853208249129112,12.270388145770331
"15,000 ft",4572.0,392.0,761.9876993414249,9.0,8.602478884848853,12.82041945257521,12.246910180002342
"15,000 ft",4572.0,393.0,763.9315455132142,9.0,8.607741256344568,12.78779752012591,12.223322595818239
"15,000 ft",4572.0,394.0,765.8753916850036,9.0,8.612843513959575,12.755341181242342,12.19962479072448
"15,000 ft",4572.0,395.0,767.8192378567929,9.0,8.617784642866273,12.723049178251856,12.175816154132288
"15,000 ft",4572.0,396.0,769.7630840285823,9.0,8.62256361826819,12.690920266185563,12.151896067229558
"15,000 ft",4572.0,397.0,771.7069302003716,9.0,8.627179405236532,12.658953212618345,12.12786390284975
"15,000 ft",4572.0,398.0,773.650776372161,9.0,8.631630958543171,12.627146797511264,12.103719025337615
"15,000 ft",4572.0,399.0,775.5946225439503,9.0,8.63591722249003,12.595499813056348,12.079460790411721
"15,000 ft",4572.0,400.0,777.5384687157397,9.0,8.640037130734726,12.564011063523708,12.055088545023674
