cond,kill_win,timeout,wez,duration,dmg,family,score,d_star,fidelity_at_4,budget,cluster
HYB-s0-b0-a0.25,0.3,0.525,1.5021249999999982,101.83987499999621,37.553125,Hybrid,0.6575,5.0,0.9497840808309042,0,C1
HYB-s0-b0-a0.50,0.3075,0.56,1.4869999999999979,105.26062499999607,37.175,Hybrid,0.63625,3.0,0.9677290751298626,0,C1
HYB-s0-b0-a0.75,0.2825,0.575,1.4192499999999981,104.5468749999961,35.48125,Hybrid,0.62,3.0,0.9669414511098692,0,C1
HYB-s0-b100-a0.25,0.3175,0.4675,1.508749999999998,101.09074999999628,37.71875,Hybrid,0.645,17.0,0.9223386487017194,100,C1
HYB-s0-b100-a0.50,0.27,0.45,1.3403749999999983,94.40149999999662,33.509375,Hybrid,0.6625,17.0,0.9084446090236644,100,C1
HYB-s0-b100-a0.75,0.2925,0.53,1.681499999999998,99.43462499999647,42.0375,Hybrid,0.6925,17.0,0.9020401042642746,100,C1
HYB-s0-b200-a0.25,0.175,0.7025,0.9437499999999989,105.46562499999601,23.59375,Hybrid,0.61375,5.0,0.9320590267024784,200,C1
HYB-s0-b200-a0.50,0.14,0.755,0.7947499999999991,106.24587499999598,19.86875,Hybrid,0.625,11.0,0.9044512892323534,200,C1
HYB-s0-b200-a0.75,0.1125,0.8425,0.7504999999999993,113.04687499999567,18.7625,Hybrid,0.6975,17.0,0.934617218998436,200,C1
HYB-s0-b300-a0.25,0.205,0.715,1.1134999999999986,106.76099999999595,27.8375,Hybrid,0.63875,5.0,0.9475766836102352,300,C1
HYB-s0-b300-a0.50,0.07,0.8425,0.5098749999999995,108.63124999999583,12.746875,Hybrid,0.62125,6.0,0.936095347258068,300,C1
HYB-s0-b300-a0.75,0.0175,0.955,0.35374999999999984,116.32599999999549,8.84375,Hybrid,0.7050000000000001,6.0,0.9485651676243688,300,C1
HYB-s1-b100-a0.25,0.2675,0.59,1.4238749999999982,104.1212499999961,35.596875,Hybrid,0.67875,17.0,0.8933605612828904,100,C1
HYB-s1-b100-a0.50,0.2625,0.605,1.4062499999999982,103.22649999999614,35.15625,Hybrid,0.71,17.0,0.9109804667737784,100,C1
HYB-s1-b100-a0.75,0.235,0.685,1.3526249999999984,107.24637499999596,33.815625,Hybrid,0.6975,17.0,0.9214623771911769,100,C1
HYB-s1-b200-a0.25,0.25,0.635,1.3141249999999982,105.11762499999605,32.853125,Hybrid,0.655,17.0,0.9109033112879306,200,C1
HYB-s1-b200-a0.50,0.2425,0.6325,1.3024999999999982,104.6862499999961,32.5625,Hybrid,0.6925,17.0,0.886192608029084,200,C1
HYB-s1-b200-a0.75,0.2275,0.6975,1.4503749999999984,109.92949999999585,36.259375,Hybrid,0.765,17.0,0.8815300973757094,200,C1
HYB-s1-b300-a0.25,0.26,0.5975,1.3722499999999982,102.4003749999962,34.30625,Hybrid,0.67875,17.0,0.8905273495833478,300,C1
HYB-s1-b300-a0.50,0.235,0.6225,1.3448749999999985,104.71312499999607,33.621875,Hybrid,0.6975,17.0,0.8940247683398411,300,C1
HYB-s1-b300-a0.75,0.2875,0.6025,1.907999999999998,107.77549999999601,47.7,Hybrid,0.765,17.0,0.8983885670767339,300,C1
HYB-s2-b100-a0.25,0.245,0.6675,1.3316249999999983,104.46062499999609,33.290625,Hybrid,0.66875,17.0,0.9255286502486608,100,C1
HYB-s2-b100-a0.50,0.22,0.685,1.2488749999999984,103.68449999999612,31.221875,Hybrid,0.6725,7.0,0.9397377101363849,100,C1
HYB-s2-b100-a0.75,0.245,0.7075,1.4142499999999985,109.90749999999588,35.35625,Hybrid,0.71875,17.0,0.921886454597122,100,C1
HYB-s2-b200-a0.25,0.1875,0.6675,1.0638749999999988,101.8647499999962,26.596875,Hybrid,0.63625,17.0,0.9145507670021324,200,C1
HYB-s2-b200-a0.50,0.1125,0.76,0.7994999999999992,105.359124999996,19.9875,Hybrid,0.62625,17.0,0.9129101854075468,200,C1
HYB-s2-b200-a0.75,0.19,0.74,1.1691249999999986,109.58487499999586,29.228125,Hybrid,0.71875,17.0,0.8880818893476422,200,C1
HYB-s2-b300-a0.25,0.1275,0.745,0.7788749999999992,103.81437499999609,19.471875,Hybrid,0.60875,8.0,0.9308302765491548,300,C1
HYB-s2-b300-a0.50,0.04,0.8275,0.4158749999999998,104.368374999996,10.396875,Hybrid,0.62375,17.0,0.9045914203631876,300,C1
HYB-s2-b300-a0.75,0.0075,0.95,0.42400000000000004,117.00124999999547,10.6,Hybrid,0.67625,10.0,0.9233124802108807,300,C1
HYB-s3-b100-a0.25,0.1025,0.7725,0.6821249999999992,104.06074999999608,17.053125,Hybrid,0.575,17.0,0.8872240328305081,100,C1
HYB-s3-b100-a0.50,0.0625,0.8,0.5173749999999995,107.7796249999959,12.934375,Hybrid,0.545,17.0,0.9235997990903756,100,C1
HYB-s3-b100-a0.75,0.095,0.8325,0.6377499999999994,112.68624999999571,15.94375,Hybrid,0.5862499999999999,17.0,0.9144259229124556,100,C1
HYB-s3-b200-a0.25,0.1225,0.745,0.6763749999999992,105.12887499999606,16.909375,Hybrid,0.53375,17.0,0.925234792953301,200,C1
HYB-s3-b200-a0.50,0.01,0.8225,0.2746249999999999,106.74487499999596,6.865625,Hybrid,0.53,17.0,0.8846948142955157,200,C1
HYB-s3-b200-a0.75,0.005,0.9175,0.2855,114.63749999999558,7.1375,Hybrid,0.58125,17.0,0.901499695902172,200,C1
HYB-s3-b300-a0.25,0.205,0.71,1.1561249999999985,105.92362499999601,28.903125,Hybrid,0.635,17.0,0.9201465038307048,300,C1
HYB-s3-b300-a0.50,0.1225,0.7525,0.7237499999999991,105.76437499999602,18.09375,Hybrid,0.57125,17.0,0.9020781886196414,300,C1
HYB-s3-b300-a0.75,0.1,0.865,0.7136249999999993,114.16237499999562,17.840625,Hybrid,0.665,17.0,0.8970647412668051,300,C1
HYB-s4-b100-a0.25,0.2125,0.6775,1.1061249999999987,103.51387499999609,27.653125,Hybrid,0.635,17.0,0.9163177606888075,100,C1
HYB-s4-b100-a0.50,0.1825,0.7075,1.0468749999999987,105.13474999999603,26.171875,Hybrid,0.655,17.0,0.9271965952351578,100,C1
HYB-s4-b100-a0.75,0.1725,0.765,0.9591249999999989,110.40037499999582,23.978125,Hybrid,0.6825,11.0,0.9221511031819956,100,C1
HYB-s4-b200-a0.25,0.2375,0.55,1.1206249999999986,100.64499999999629,28.015625,Hybrid,0.625,17.0,0.918659073387324,200,C1
HYB-s4-b200-a0.50,0.2075,0.5675,1.0628749999999987,99.44012499999636,26.571875,Hybrid,0.64625,17.0,0.9179081146477992,200,C1
HYB-s4-b200-a0.75,0.2525,0.6125,1.5202499999999983,105.72812499999611,38.00625,Hybrid,0.7475,17.0,0.9258664907430826,200,C1
HYB-s4-b300-a0.25,0.1825,0.715,1.0061249999999986,105.18337499999603,25.153125,Hybrid,0.62875,7.0,0.9187953769945288,300,C1
HYB-s4-b300-a0.50,0.0975,0.8175,0.7156249999999993,106.37337499999596,17.890625,Hybrid,0.645,17.0,0.9173697096741456,300,C1
HYB-s4-b300-a0.75,0.145,0.815,1.018749999999999,112.07412499999573,25.46875,Hybrid,0.76125,17.0,0.9180979216647908,300,C1
RL-s0-b0-a1.00,0.3,0.5625,1.4877499999999981,105.08612499999609,37.19375,RL,0.6387499999999999,2.0,0.9749631399800442,0,C1
RL-s0-b100-a1.00,0.255,0.5,1.5942499999999982,97.24637499999659,39.85625,RL,0.6325,8.0,0.9204671500785542,100,C1
RL-s0-b200-a1.00,0.09,0.8725,0.7159999999999995,115.73599999999554,17.9,RL,0.6950000000000001,4.0,0.952853330877906,200,C1
RL-s0-b300-a1.00,0.0075,0.9625,0.33862499999999995,117.05562499999546,8.465625,RL,0.72875,3.0,0.9657879878027142,300,C1
RL-s1-b100-a1.00,0.1725,0.725,1.0409999999999988,108.63637499999591,26.025,RL,0.6475,15.0,0.9259358984729622,100,C1
RL-s1-b200-a1.00,0.17,0.76,1.2809999999999988,112.96037499999571,32.025,RL,0.7475,17.0,0.9183590402195994,200,C1
RL-s1-b300-a1.00,0.335,0.6025,1.9426249999999976,110.41612499999586,48.565625,RL,0.785,17.0,0.8981994883402624,300,C1
RL-s2-b100-a1.00,0.185,0.7075,1.2458749999999987,109.4171249999959,31.146875,RL,0.6950000000000001,6.0,0.9293113844947402,100,C1
RL-s2-b200-a1.00,0.125,0.8325,0.9344999999999992,114.16837499999563,23.3625,RL,0.7262500000000001,7.0,0.9258647818832464,200,C1
RL-s2-b300-a1.00,0.0125,0.9275,0.593375,116.21037499999551,14.834375,RL,0.74625,6.0,0.923618598082829,300,C1
RL-s3-b100-a1.00,0.055,0.86,0.42649999999999966,113.45524999999567,10.6625,RL,0.5475,5.0,0.9467131246925043,100,C1
RL-s3-b200-a1.00,0.0075,0.94,0.389375,116.93112499999548,9.734375,RL,0.7,5.0,0.9311919272759568,200,C1
RL-s3-b300-a1.00,0.0325,0.9225,0.6156249999999999,114.34874999999562,15.390625,RL,0.7325,6.0,0.9314722870402548,300,C1
RL-s4-b100-a1.00,0.1575,0.7975,0.917499999999999,114.37187499999564,22.9375,RL,0.6475,7.0,0.9224582280886784,100,C1
RL-s4-b200-a1.00,0.2675,0.5875,1.5244999999999982,105.42099999999613,38.1125,RL,0.7375,6.0,0.9372885220838404,200,C1
RL-s4-b300-a1.00,0.0975,0.8525,0.8699999999999993,114.6563749999956,21.75,RL,0.755,5.0,0.9449104162582058,300,C1
