cond,n_steps,p_median,p99,p_max,frac_over_90,frac_over_180,frac_long_way
BT-v1,76684,0.0,122.79631625529437,428.57142857142617,0.01417505607427886,0.004707631318136769,0.0
BT-v2,83127,1.0458100038954496,656.5116375926551,986.1026082952457,0.07958906251879654,0.0649488132616358,0.019355925270970922
BT-v3,84939,1.1909426358678776,577.9312168817638,950.3962435605974,0.07982198989863314,0.05560461036744016,0.013397850221923968
RL-s0-b300-a1.00,94320,1.508127786650845,399.6342739585423,936.7544430645471,0.04253604749787956,0.026950805767599662,0.0071458863443596265
RL-s1-b300-a1.00,90730,2.8606262396055167,493.00252252604633,926.0957005703219,0.06069657224732723,0.03845475586906205,0.009203130166427863
RL-s2-b300-a1.00,91335,1.6570529276507517,377.631574449847,931.2527228816832,0.04076202988996551,0.025904636776701156,0.006481633546833087
RL-s3-b300-a1.00,92949,2.1971664489535683,426.44176404869995,935.9194587202342,0.04312042087596424,0.02815522490828304,0.008004389503921506
RL-s4-b300-a1.00,94150,2.0240194531498745,337.6953119190796,926.2315626587455,0.03890600106213489,0.02305894848645778,0.005225703664365374
RL-s5-b300-a1.00,92853,2.497555749835077,486.3848928550009,939.3501049496364,0.044888156548522934,0.03220143667948262,0.009197333419491024
RL-s6-b300-a1.00,96079,1.2557659693729624,394.53803745491507,915.5820555289221,0.042277708968661204,0.02666555646915559,0.006744449879786426
RL-s7-b300-a1.00,94367,2.2868154860002172,374.3081061894022,936.2735937558492,0.04443290557080335,0.02861169688556381,0.006178007142327297
RL-s8-b300-a1.00,96160,1.6881142615264468,343.9913748529995,928.4061033318682,0.033475457570715475,0.021713810316139767,0.005958818635607321
RL-s9-b300-a1.00,94777,2.4519422583227124,439.7189196985189,945.8996525728195,0.04479989870960254,0.031484431876932166,0.008061027464469227
RL-s10-b300-a1.00,80862,2.0702782983582457,373.7146664176264,895.9890866728651,0.04459449432366254,0.02509213227473968,0.004983799559743761
RL-s11-b300-a1.00,92352,1.3778374594261749,395.92197298762,926.535394595606,0.04447115384615385,0.027730855855855857,0.00667013167013167
RL-s12-b300-a1.00,85380,4.082191326786384,372.06050028098775,929.8786045821071,0.04239868821738112,0.023049894588896697,0.0053876786132583745
RL-s13-b300-a1.00,90106,2.061793851171764,329.81870773784044,960.0451438469867,0.03720063036867689,0.02147470756664373,0.0055823141633187575
RL-s14-b300-a1.00,80275,1.4578798082031634,403.29173895366586,991.0713901420893,0.06041731547804422,0.03520398629710371,0.005481158517595765
RL-s15-b300-a1.00,94009,2.797626491950597,364.1911224334421,910.7971789035873,0.049559084768479617,0.02841217330255614,0.005116531395930177
RL-s16-b300-a1.00,95585,1.7827742603692318,312.3433259524246,887.5488265814678,0.039263482764032014,0.020316995344457814,0.0038709002458544753
RL-s17-b300-a1.00,89971,2.6991530248243256,350.6749877196408,940.4846987286649,0.042836024941369996,0.024741305531782463,0.00604639272654522
RL-s18-b300-a1.00,92438,1.4879230844100535,318.0546767045083,920.3125508104315,0.039864557865812764,0.019948506025660444,0.004186589930548043
RL-s19-b300-a1.00,94298,2.5737426848405,467.4804319147458,921.7438802489964,0.04595007317228361,0.03137924452268341,0.008557975778913656
BTO-s0-b300,84604,1.118394605840241,656.9004310344242,986.1026082952457,0.08629615621010826,0.06719540447260176,0.01936078672403196
BTO-s1-b300,88221,1.034801785878792,642.6352763614132,983.1552263284823,0.07641037848131398,0.059736343954387275,0.016855397241019712
BTO-s2-b300,83853,1.1346435917006668,671.1010663558637,957.0742315097432,0.08981193278713939,0.07158956745733605,0.021156070742847602
